# Blender 4.0.1
# www.blender.org
o Bomber_Wheel_Rubber_Left
v 0.657025 -1.453062 -0.748945
v 0.604154 -1.480170 -0.748945
v 0.557588 -1.517072 -0.748945
v 0.519115 -1.562350 -0.748945
v 0.490215 -1.614263 -0.748945
v 0.471998 -1.670816 -0.748945
v 0.465164 -1.729837 -0.748945
v 0.469976 -1.789057 -0.748945
v 0.486249 -1.846201 -0.748945
v 0.513357 -1.899072 -0.748945
v 0.550259 -1.945638 -0.748945
v 0.595536 -1.984111 -0.748945
v 0.647449 -2.013011 -0.748945
v 0.704003 -2.031228 -0.748945
v 0.763024 -2.038062 -0.748945
v 0.822244 -2.033250 -0.748945
v 0.879388 -2.016977 -0.748945
v 0.932258 -1.989869 -0.748945
v 0.978825 -1.952967 -0.748945
v 1.017297 -1.907690 -0.748945
v 1.046197 -1.855777 -0.748945
v 1.064415 -1.799223 -0.748945
v 1.071248 -1.740202 -0.748945
v 1.066437 -1.680982 -0.748945
v 1.050164 -1.623838 -0.748945
v 1.023056 -1.570968 -0.748945
v 0.986154 -1.524401 -0.748945
v 0.940876 -1.485929 -0.748945
v 0.888963 -1.457029 -0.748945
v 0.832410 -1.438812 -0.748945
v 0.773389 -1.431978 -0.748945
v 0.714169 -1.436790 -0.748945
v 0.657025 -1.453062 -0.952726
v 0.604154 -1.480170 -0.952726
v 0.557588 -1.517072 -0.952726
v 0.519115 -1.562350 -0.952726
v 0.490215 -1.614263 -0.952726
v 0.471998 -1.670816 -0.952726
v 0.465164 -1.729837 -0.952726
v 0.469976 -1.789057 -0.952726
v 0.486249 -1.846201 -0.952726
v 0.513357 -1.899072 -0.952726
v 0.550259 -1.945638 -0.952726
v 0.595536 -1.984111 -0.952726
v 0.647449 -2.013011 -0.952726
v 0.704003 -2.031228 -0.952726
v 0.763024 -2.038062 -0.952726
v 0.822244 -2.033250 -0.952726
v 0.879388 -2.016977 -0.952726
v 0.932258 -1.989869 -0.952726
v 0.978825 -1.952967 -0.952726
v 1.017297 -1.907690 -0.952726
v 1.046197 -1.855777 -0.952726
v 1.064415 -1.799223 -0.952726
v 1.071248 -1.740202 -0.952726
v 1.066437 -1.680982 -0.952726
v 1.050164 -1.623838 -0.952726
v 1.023056 -1.570968 -0.952726
v 0.986154 -1.524401 -0.952726
v 0.940877 -1.485929 -0.952726
v 0.888964 -1.457029 -0.952726
v 0.832410 -1.438812 -0.952726
v 0.773389 -1.431978 -0.952726
v 0.714169 -1.436790 -0.952726
v 0.706848 -1.579414 -0.739614
v 0.677670 -1.594375 -0.739614
v 0.651971 -1.614740 -0.739614
v 0.630739 -1.639727 -0.739614
v 0.614790 -1.668377 -0.739614
v 0.604737 -1.699587 -0.739614
v 0.600965 -1.732160 -0.739614
v 0.603621 -1.764842 -0.739614
v 0.612601 -1.796378 -0.739614
v 0.627561 -1.825556 -0.739614
v 0.647927 -1.851255 -0.739614
v 0.672914 -1.872487 -0.739614
v 0.701564 -1.888436 -0.739614
v 0.732774 -1.898489 -0.739614
v 0.765346 -1.902261 -0.739614
v 0.798028 -1.899605 -0.739614
v 0.829565 -1.890625 -0.739614
v 0.858743 -1.875665 -0.739614
v 0.884441 -1.855299 -0.739614
v 0.905673 -1.830312 -0.739614
v 0.921623 -1.801662 -0.739614
v 0.931676 -1.770452 -0.739614
v 0.935448 -1.737880 -0.739614
v 0.932792 -1.705198 -0.739614
v 0.923812 -1.673662 -0.739614
v 0.908851 -1.644483 -0.739614
v 0.888486 -1.618785 -0.739614
v 0.863499 -1.597553 -0.739614
v 0.834849 -1.581603 -0.739614
v 0.803639 -1.571550 -0.739614
v 0.771066 -1.567778 -0.739614
v 0.738384 -1.570434 -0.739614
v 0.706848 -1.579414 -0.962058
v 0.677670 -1.594375 -0.962058
v 0.651971 -1.614740 -0.962058
v 0.630739 -1.639727 -0.962058
v 0.614790 -1.668377 -0.962058
v 0.604737 -1.699587 -0.962058
v 0.600965 -1.732160 -0.962058
v 0.603621 -1.764842 -0.962058
v 0.612601 -1.796378 -0.962058
v 0.627561 -1.825556 -0.962058
v 0.647927 -1.851255 -0.962058
v 0.672914 -1.872487 -0.962058
v 0.701564 -1.888436 -0.962058
v 0.732774 -1.898489 -0.962058
v 0.765346 -1.902261 -0.962058
v 0.798028 -1.899605 -0.962058
v 0.829565 -1.890625 -0.962058
v 0.858743 -1.875665 -0.962058
v 0.884441 -1.855299 -0.962058
v 0.905673 -1.830312 -0.962058
v 0.921623 -1.801662 -0.962058
v 0.931676 -1.770452 -0.962058
v 0.935448 -1.737880 -0.962058
v 0.932792 -1.705198 -0.962058
v 0.923812 -1.673662 -0.962058
v 0.908851 -1.644483 -0.962058
v 0.888486 -1.618785 -0.962058
v 0.863499 -1.597553 -0.962058
v 0.834849 -1.581603 -0.962058
v 0.803639 -1.571550 -0.962058
v 0.771066 -1.567778 -0.962058
v 0.738384 -1.570434 -0.962058
v 0.706844 -1.396365 -0.810255
v 0.706844 -1.396365 -0.891417
v 0.641955 -1.414844 -0.891417
v 0.641955 -1.414844 -0.810255
v 1.007374 -1.982509 -0.810255
v 1.007374 -1.982509 -0.891417
v 1.051061 -1.931095 -0.891417
v 1.051061 -1.931095 -0.810255
v 0.431848 -1.662114 -0.810255
v 0.431848 -1.662114 -0.891417
v 0.424088 -1.729135 -0.891417
v 0.424088 -1.729135 -0.810255
v 1.083878 -1.872145 -0.891417
v 1.083878 -1.872145 -0.810255
v 0.429552 -1.796382 -0.891417
v 0.429552 -1.796382 -0.810255
v 1.104565 -1.807926 -0.891417
v 1.104565 -1.807926 -0.810255
v 0.448030 -1.861271 -0.891417
v 0.448030 -1.861271 -0.810255
v 1.112325 -1.740905 -0.891417
v 1.112325 -1.740905 -0.810255
v 0.478813 -1.921309 -0.891417
v 0.478813 -1.921309 -0.810255
v 1.106861 -1.673657 -0.891417
v 1.106861 -1.673657 -0.810255
v 0.520717 -1.974187 -0.891417
v 0.520717 -1.974187 -0.810255
v 1.088382 -1.608768 -0.891417
v 1.088382 -1.608768 -0.810255
v 0.572131 -2.017874 -0.891417
v 0.572131 -2.017874 -0.810255
v 1.057600 -1.548731 -0.891417
v 1.057600 -1.548731 -0.810255
v 0.631081 -2.050692 -0.891417
v 0.631081 -2.050692 -0.810255
v 1.015696 -1.495852 -0.891417
v 1.015696 -1.495852 -0.810255
v 0.695300 -2.071378 -0.891417
v 0.695300 -2.071378 -0.810255
v 0.964281 -1.452165 -0.891417
v 0.964281 -1.452165 -0.810255
v 0.762322 -2.079138 -0.891417
v 0.762321 -2.079138 -0.810255
v 0.581918 -1.445626 -0.891417
v 0.581918 -1.445626 -0.810255
v 0.905332 -1.419348 -0.891417
v 0.905332 -1.419348 -0.810255
v 0.829569 -2.073674 -0.891417
v 0.829569 -2.073674 -0.810255
v 0.529039 -1.487530 -0.891417
v 0.529039 -1.487530 -0.810255
v 0.841112 -1.398661 -0.891417
v 0.841112 -1.398661 -0.810255
v 0.894458 -2.055196 -0.891417
v 0.894458 -2.055196 -0.810255
v 0.485352 -1.538945 -0.891417
v 0.485352 -1.538945 -0.810255
v 0.774091 -1.390901 -0.891417
v 0.774091 -1.390901 -0.810255
v 0.954495 -2.024413 -0.891417
v 0.954495 -2.024413 -0.810255
v 0.452535 -1.597894 -0.891417
v 0.452535 -1.597894 -0.810255
v 0.740986 -1.584790 -0.793865
v 0.740986 -1.584790 -0.907807
v 0.712200 -1.592987 -0.907807
v 0.712200 -1.592987 -0.793865
v 0.874303 -1.844808 -0.793865
v 0.874303 -1.844808 -0.907807
v 0.893683 -1.822000 -0.907807
v 0.893683 -1.822000 -0.793865
v 0.618996 -1.702678 -0.793865
v 0.618996 -1.702678 -0.907807
v 0.615553 -1.732409 -0.907807
v 0.615553 -1.732409 -0.793865
v 0.908241 -1.795849 -0.907807
v 0.908241 -1.795849 -0.793865
v 0.617977 -1.762240 -0.907807
v 0.617977 -1.762240 -0.793865
v 0.917417 -1.767361 -0.907807
v 0.917417 -1.767361 -0.793865
v 0.626174 -1.791026 -0.907807
v 0.626174 -1.791026 -0.793865
v 0.920860 -1.737630 -0.907807
v 0.920860 -1.737630 -0.793865
v 0.639829 -1.817659 -0.907807
v 0.639829 -1.817659 -0.793865
v 0.918436 -1.707799 -0.907807
v 0.918436 -1.707799 -0.793865
v 0.658418 -1.841116 -0.907807
v 0.658418 -1.841116 -0.793865
v 0.910239 -1.679014 -0.907807
v 0.910239 -1.679014 -0.793865
v 0.681226 -1.860496 -0.907807
v 0.681226 -1.860496 -0.793865
v 0.896583 -1.652381 -0.907807
v 0.896583 -1.652381 -0.793865
v 0.707377 -1.875054 -0.907807
v 0.707377 -1.875054 -0.793865
v 0.877995 -1.628923 -0.907807
v 0.877995 -1.628923 -0.793865
v 0.735865 -1.884230 -0.907807
v 0.735865 -1.884230 -0.793865
v 0.855187 -1.609543 -0.907807
v 0.855187 -1.609543 -0.793865
v 0.765596 -1.887673 -0.907807
v 0.765596 -1.887673 -0.793865
v 0.685567 -1.606643 -0.907807
v 0.685567 -1.606643 -0.793865
v 0.829036 -1.594985 -0.907807
v 0.829036 -1.594985 -0.793865
v 0.795427 -1.885249 -0.907807
v 0.795427 -1.885249 -0.793865
v 0.662110 -1.625232 -0.907807
v 0.662110 -1.625232 -0.793865
v 0.800548 -1.585809 -0.907807
v 0.800548 -1.585809 -0.793865
v 0.824212 -1.877052 -0.907807
v 0.824212 -1.877052 -0.793865
v 0.642730 -1.648039 -0.907807
v 0.642730 -1.648039 -0.793865
v 0.770817 -1.582366 -0.907807
v 0.770817 -1.582366 -0.793865
v 0.850845 -1.863397 -0.907807
v 0.850845 -1.863397 -0.793865
v 0.628172 -1.674190 -0.907807
v 0.628172 -1.674190 -0.793865
v 0.985678 -1.885771 -0.979182
v 0.947164 -1.859073 -0.984055
v 0.919524 -1.891603 -0.984055
v 0.952089 -1.925301 -0.979182
v 1.010910 -1.840448 -0.979182
v 0.967927 -1.821777 -0.984055
v 1.026814 -1.791073 -0.979182
v 0.981015 -1.781146 -0.984056
v 1.032781 -1.739544 -0.979182
v 0.985925 -1.738743 -0.984056
v 1.028580 -1.687841 -0.979182
v 0.982468 -1.696197 -0.984056
v 1.014373 -1.637952 -0.979182
v 0.970777 -1.655142 -0.984056
v 0.990706 -1.591792 -0.979182
v 0.951301 -1.617158 -0.984056
v 0.958488 -1.551137 -0.979182
v 0.924789 -1.583702 -0.984056
v 0.918958 -1.517548 -0.979182
v 0.892260 -1.556062 -0.984056
v 0.624979 -1.512520 -0.979182
v 0.650344 -1.551925 -0.984056
v 0.688329 -1.532449 -0.984056
v 0.671138 -1.488853 -0.979182
v 0.873635 -1.492316 -0.979182
v 0.854963 -1.535299 -0.984056
v 0.584324 -1.544738 -0.979182
v 0.616889 -1.578437 -0.984056
v 0.824260 -1.476412 -0.979182
v 0.814333 -1.522211 -0.984056
v 0.550735 -1.584268 -0.979182
v 0.589249 -1.610966 -0.984056
v 0.772731 -1.470445 -0.979182
v 0.771930 -1.517301 -0.984056
v 0.525503 -1.629591 -0.979182
v 0.568486 -1.648263 -0.984056
v 0.721028 -1.474646 -0.979182
v 0.729383 -1.520758 -0.984056
v 0.509599 -1.678966 -0.979182
v 0.555398 -1.688893 -0.984056
v 0.503632 -1.730495 -0.979182
v 0.550488 -1.731296 -0.984056
v 0.507833 -1.782198 -0.979182
v 0.553945 -1.773843 -0.984056
v 0.522040 -1.832088 -0.979182
v 0.565636 -1.814897 -0.984056
v 0.545707 -1.878247 -0.979182
v 0.585112 -1.852882 -0.984056
v 0.577925 -1.918903 -0.979182
v 0.611624 -1.886337 -0.984056
v 0.617455 -1.952491 -0.979182
v 0.644153 -1.913977 -0.984056
v 0.662778 -1.977723 -0.979182
v 0.681449 -1.934740 -0.984055
v 0.712153 -1.993628 -0.979182
v 0.722080 -1.947828 -0.984055
v 0.763682 -1.999594 -0.979182
v 0.764483 -1.952738 -0.984055
v 0.815385 -1.995393 -0.979182
v 0.807029 -1.949281 -0.984055
v 0.865274 -1.981186 -0.979182
v 0.848084 -1.937590 -0.984055
v 0.911434 -1.957519 -0.979182
v 0.886068 -1.918114 -0.984055
v 1.028580 -1.687841 -0.722490
v 0.982468 -1.696197 -0.717616
v 0.970777 -1.655142 -0.717616
v 1.014373 -1.637952 -0.722490
v 0.951301 -1.617158 -0.717616
v 0.990705 -1.591792 -0.722490
v 0.924789 -1.583702 -0.717616
v 0.958488 -1.551137 -0.722490
v 0.892260 -1.556062 -0.717616
v 0.918958 -1.517548 -0.722490
v 0.671138 -1.488853 -0.722490
v 0.688329 -1.532449 -0.717616
v 0.650344 -1.551925 -0.717616
v 0.624979 -1.512521 -0.722490
v 0.854963 -1.535299 -0.717616
v 0.873635 -1.492316 -0.722490
v 0.616889 -1.578437 -0.717616
v 0.584324 -1.544738 -0.722490
v 0.814333 -1.522211 -0.717616
v 0.824260 -1.476412 -0.722490
v 0.589249 -1.610966 -0.717616
v 0.550735 -1.584268 -0.722490
v 0.771930 -1.517301 -0.717616
v 0.772731 -1.470445 -0.722490
v 0.568486 -1.648263 -0.717616
v 0.525503 -1.629591 -0.722490
v 0.729383 -1.520758 -0.717616
v 0.721028 -1.474646 -0.722490
v 0.555398 -1.688893 -0.717616
v 0.509599 -1.678966 -0.722490
v 0.550488 -1.731296 -0.717616
v 0.503632 -1.730495 -0.722490
v 0.553945 -1.773843 -0.717616
v 0.507833 -1.782198 -0.722490
v 0.565636 -1.814897 -0.717616
v 0.522040 -1.832088 -0.722490
v 0.585112 -1.852882 -0.717616
v 0.545707 -1.878247 -0.722490
v 0.611624 -1.886337 -0.717616
v 0.577925 -1.918903 -0.722490
v 0.644153 -1.913977 -0.717616
v 0.617455 -1.952491 -0.722490
v 0.681449 -1.934740 -0.717616
v 0.662778 -1.977723 -0.722490
v 0.722080 -1.947828 -0.717616
v 0.712153 -1.993627 -0.722490
v 0.764483 -1.952738 -0.717616
v 0.763682 -1.999594 -0.722490
v 0.807029 -1.949281 -0.717616
v 0.815385 -1.995393 -0.722490
v 0.848084 -1.937590 -0.717616
v 0.865274 -1.981186 -0.722490
v 0.886068 -1.918114 -0.717616
v 0.911434 -1.957519 -0.722490
v 0.919524 -1.891603 -0.717616
v 0.952089 -1.925301 -0.722490
v 0.947164 -1.859073 -0.717616
v 0.985678 -1.885771 -0.722490
v 0.967927 -1.821777 -0.717616
v 1.010910 -1.840448 -0.722490
v 0.981015 -1.781146 -0.717616
v 1.026814 -1.791073 -0.722490
v 0.985925 -1.738743 -0.717616
v 1.032781 -1.739544 -0.722490
v 0.657025 -1.453062 -0.345445
v 0.714168 -1.436790 -0.345445
v 0.773388 -1.431978 -0.345445
v 0.832409 -1.438812 -0.345445
v 0.888963 -1.457029 -0.345445
v 0.940876 -1.485929 -0.345445
v 0.986153 -1.524401 -0.345445
v 1.023055 -1.570968 -0.345445
v 1.050164 -1.623839 -0.345445
v 1.066436 -1.680982 -0.345445
v 1.071248 -1.740202 -0.345445
v 1.064414 -1.799223 -0.345445
v 1.046197 -1.855777 -0.345445
v 1.017297 -1.907690 -0.345445
v 0.978824 -1.952967 -0.345445
v 0.932258 -1.989869 -0.345445
v 0.879387 -2.016977 -0.345445
v 0.822244 -2.033250 -0.345445
v 0.763023 -2.038062 -0.345445
v 0.704003 -2.031228 -0.345445
v 0.647449 -2.013011 -0.345445
v 0.595536 -1.984111 -0.345445
v 0.550258 -1.945638 -0.345445
v 0.513357 -1.899072 -0.345445
v 0.486248 -1.846201 -0.345445
v 0.469976 -1.789057 -0.345445
v 0.465164 -1.729837 -0.345445
v 0.471998 -1.670816 -0.345445
v 0.490215 -1.614263 -0.345445
v 0.519115 -1.562350 -0.345445
v 0.557587 -1.517072 -0.345445
v 0.604154 -1.480170 -0.345445
v 0.657025 -1.453062 -0.549226
v 0.714168 -1.436790 -0.549226
v 0.773388 -1.431978 -0.549226
v 0.832409 -1.438812 -0.549226
v 0.888963 -1.457029 -0.549226
v 0.940876 -1.485929 -0.549226
v 0.986153 -1.524401 -0.549226
v 1.023055 -1.570968 -0.549226
v 1.050164 -1.623839 -0.549226
v 1.066436 -1.680982 -0.549226
v 1.071248 -1.740202 -0.549226
v 1.064414 -1.799223 -0.549226
v 1.046197 -1.855777 -0.549226
v 1.017297 -1.907690 -0.549226
v 0.978824 -1.952967 -0.549226
v 0.932258 -1.989869 -0.549226
v 0.879387 -2.016977 -0.549226
v 0.822244 -2.033250 -0.549226
v 0.763023 -2.038062 -0.549226
v 0.704003 -2.031228 -0.549226
v 0.647449 -2.013011 -0.549226
v 0.595536 -1.984111 -0.549226
v 0.550258 -1.945638 -0.549226
v 0.513357 -1.899072 -0.549226
v 0.486248 -1.846201 -0.549226
v 0.469976 -1.789057 -0.549226
v 0.465164 -1.729837 -0.549226
v 0.471998 -1.670816 -0.549226
v 0.490215 -1.614263 -0.549226
v 0.519115 -1.562350 -0.549226
v 0.557587 -1.517072 -0.549226
v 0.604154 -1.480170 -0.549226
v 0.706848 -1.579415 -0.336114
v 0.738384 -1.570434 -0.336114
v 0.771066 -1.567779 -0.336114
v 0.803638 -1.571550 -0.336114
v 0.834849 -1.581604 -0.336114
v 0.863498 -1.597553 -0.336114
v 0.888486 -1.618785 -0.336114
v 0.908851 -1.644484 -0.336114
v 0.923811 -1.673662 -0.336114
v 0.932792 -1.705198 -0.336114
v 0.935447 -1.737880 -0.336114
v 0.931676 -1.770452 -0.336114
v 0.921622 -1.801663 -0.336114
v 0.905673 -1.830312 -0.336114
v 0.884441 -1.855300 -0.336114
v 0.858742 -1.875665 -0.336114
v 0.829564 -1.890625 -0.336114
v 0.798028 -1.899606 -0.336114
v 0.765346 -1.902261 -0.336114
v 0.732774 -1.898490 -0.336114
v 0.701563 -1.888436 -0.336114
v 0.672914 -1.872487 -0.336114
v 0.647926 -1.851255 -0.336114
v 0.627561 -1.825556 -0.336114
v 0.612601 -1.796378 -0.336114
v 0.603620 -1.764842 -0.336114
v 0.600965 -1.732160 -0.336114
v 0.604736 -1.699588 -0.336114
v 0.614790 -1.668377 -0.336114
v 0.630739 -1.639728 -0.336114
v 0.651971 -1.614740 -0.336114
v 0.677670 -1.594375 -0.336114
v 0.706848 -1.579415 -0.558557
v 0.738384 -1.570434 -0.558557
v 0.771066 -1.567779 -0.558557
v 0.803638 -1.571550 -0.558557
v 0.834849 -1.581604 -0.558557
v 0.863498 -1.597553 -0.558557
v 0.888486 -1.618785 -0.558557
v 0.908851 -1.644484 -0.558557
v 0.923811 -1.673662 -0.558557
v 0.932792 -1.705198 -0.558557
v 0.935447 -1.737880 -0.558557
v 0.931676 -1.770452 -0.558557
v 0.921622 -1.801663 -0.558557
v 0.905673 -1.830312 -0.558557
v 0.884441 -1.855300 -0.558557
v 0.858742 -1.875665 -0.558557
v 0.829564 -1.890625 -0.558557
v 0.798028 -1.899606 -0.558557
v 0.765346 -1.902261 -0.558557
v 0.732774 -1.898490 -0.558557
v 0.701563 -1.888436 -0.558557
v 0.672914 -1.872487 -0.558557
v 0.647926 -1.851255 -0.558557
v 0.627561 -1.825556 -0.558557
v 0.612601 -1.796378 -0.558557
v 0.603620 -1.764842 -0.558557
v 0.600965 -1.732160 -0.558557
v 0.604736 -1.699588 -0.558557
v 0.614790 -1.668377 -0.558557
v 0.630739 -1.639728 -0.558557
v 0.651971 -1.614740 -0.558557
v 0.677670 -1.594375 -0.558557
v 0.581917 -1.445626 -0.406755
v 0.581917 -1.445626 -0.487916
v 0.641954 -1.414844 -0.487916
v 0.641954 -1.414844 -0.406755
v 0.762321 -2.079138 -0.406754
v 0.762321 -2.079138 -0.487916
v 0.695300 -2.071378 -0.487916
v 0.695300 -2.071378 -0.406754
v 0.964281 -1.452165 -0.406754
v 0.964281 -1.452165 -0.487916
v 1.015696 -1.495853 -0.487916
v 1.015696 -1.495853 -0.406754
v 0.631081 -2.050692 -0.487916
v 0.631081 -2.050692 -0.406754
v 1.057599 -1.548731 -0.487916
v 1.057599 -1.548731 -0.406754
v 0.572131 -2.017874 -0.487916
v 0.572131 -2.017874 -0.406754
v 1.088382 -1.608768 -0.487916
v 1.088382 -1.608768 -0.406754
v 0.520716 -1.974187 -0.487916
v 0.520716 -1.974187 -0.406754
v 1.106860 -1.673657 -0.487916
v 1.106860 -1.673657 -0.406754
v 0.478812 -1.921309 -0.487916
v 0.478813 -1.921309 -0.406754
v 1.112324 -1.740905 -0.487916
v 1.112324 -1.740905 -0.406754
v 0.448030 -1.861271 -0.487916
v 0.448030 -1.861271 -0.406754
v 1.104564 -1.807926 -0.487916
v 1.104564 -1.807926 -0.406754
v 0.429552 -1.796382 -0.487916
v 0.429552 -1.796382 -0.406754
v 1.083878 -1.872145 -0.487916
v 1.083878 -1.872145 -0.406754
v 0.424088 -1.729135 -0.487916
v 0.424088 -1.729135 -0.406754
v 1.051060 -1.931095 -0.487916
v 1.051060 -1.931095 -0.406754
v 0.431848 -1.662114 -0.487916
v 0.431848 -1.662114 -0.406754
v 1.007373 -1.982509 -0.487916
v 1.007373 -1.982509 -0.406754
v 0.706844 -1.396365 -0.487916
v 0.706844 -1.396366 -0.406755
v 0.452534 -1.597894 -0.487916
v 0.452534 -1.597894 -0.406754
v 0.954495 -2.024413 -0.487916
v 0.954495 -2.024413 -0.406754
v 0.774091 -1.390901 -0.487916
v 0.774091 -1.390901 -0.406755
v 0.485351 -1.538945 -0.487916
v 0.485351 -1.538945 -0.406754
v 0.894457 -2.055196 -0.487916
v 0.894457 -2.055196 -0.406754
v 0.841112 -1.398662 -0.487916
v 0.841112 -1.398662 -0.406754
v 0.529039 -1.487530 -0.487916
v 0.529039 -1.487530 -0.406755
v 0.829568 -2.073674 -0.487916
v 0.829568 -2.073674 -0.406754
v 0.905331 -1.419348 -0.487916
v 0.905331 -1.419348 -0.406754
v 0.685567 -1.606643 -0.390365
v 0.685567 -1.606643 -0.504306
v 0.712200 -1.592988 -0.504306
v 0.712200 -1.592988 -0.390365
v 0.765595 -1.887673 -0.390364
v 0.765595 -1.887673 -0.504306
v 0.735864 -1.884231 -0.504306
v 0.735864 -1.884231 -0.390364
v 0.855186 -1.609544 -0.390365
v 0.855186 -1.609544 -0.504306
v 0.877994 -1.628924 -0.504306
v 0.877994 -1.628924 -0.390365
v 0.707376 -1.875054 -0.504306
v 0.707376 -1.875054 -0.390364
v 0.896583 -1.652381 -0.504306
v 0.896583 -1.652381 -0.390365
v 0.681226 -1.860496 -0.504306
v 0.681226 -1.860496 -0.390365
v 0.910238 -1.679014 -0.504306
v 0.910238 -1.679014 -0.390365
v 0.658418 -1.841116 -0.504306
v 0.658418 -1.841116 -0.390365
v 0.918435 -1.707799 -0.504306
v 0.918435 -1.707799 -0.390365
v 0.639829 -1.817659 -0.504306
v 0.639829 -1.817659 -0.390365
v 0.920859 -1.737630 -0.504306
v 0.920859 -1.737630 -0.390365
v 0.626174 -1.791026 -0.504306
v 0.626174 -1.791026 -0.390365
v 0.917417 -1.767361 -0.504306
v 0.917417 -1.767361 -0.390365
v 0.617977 -1.762241 -0.504306
v 0.617977 -1.762241 -0.390365
v 0.908240 -1.795850 -0.504306
v 0.908240 -1.795850 -0.390364
v 0.615553 -1.732409 -0.504306
v 0.615553 -1.732409 -0.390365
v 0.893682 -1.822000 -0.504306
v 0.893682 -1.822000 -0.390364
v 0.618995 -1.702678 -0.504306
v 0.618995 -1.702678 -0.390365
v 0.874302 -1.844808 -0.504306
v 0.874302 -1.844808 -0.390364
v 0.740985 -1.584790 -0.504306
v 0.740985 -1.584790 -0.390365
v 0.628172 -1.674190 -0.504306
v 0.628172 -1.674190 -0.390365
v 0.850845 -1.863397 -0.504306
v 0.850845 -1.863397 -0.390364
v 0.770817 -1.582366 -0.504306
v 0.770817 -1.582366 -0.390365
v 0.642730 -1.648040 -0.504306
v 0.642730 -1.648040 -0.390365
v 0.824212 -1.877052 -0.504306
v 0.824212 -1.877052 -0.390364
v 0.800548 -1.585809 -0.504306
v 0.800548 -1.585809 -0.390365
v 0.662110 -1.625232 -0.504306
v 0.662110 -1.625232 -0.390365
v 0.795427 -1.885249 -0.504306
v 0.795427 -1.885249 -0.390364
v 0.829036 -1.594986 -0.504306
v 0.829036 -1.594986 -0.390365
v 0.712152 -1.993628 -0.575681
v 0.722079 -1.947828 -0.580555
v 0.764483 -1.952738 -0.580555
v 0.763681 -1.999594 -0.575681
v 0.662778 -1.977723 -0.575681
v 0.681449 -1.934741 -0.580555
v 0.617454 -1.952492 -0.575681
v 0.644152 -1.913977 -0.580555
v 0.577924 -1.918903 -0.575681
v 0.611623 -1.886337 -0.580555
v 0.545707 -1.878247 -0.575681
v 0.585111 -1.852882 -0.580555
v 0.522040 -1.832088 -0.575681
v 0.565636 -1.814897 -0.580555
v 0.507833 -1.782198 -0.575682
v 0.553945 -1.773843 -0.580555
v 0.503632 -1.730495 -0.575682
v 0.550488 -1.731297 -0.580555
v 0.509598 -1.678966 -0.575682
v 0.555397 -1.688893 -0.580555
v 0.721028 -1.474647 -0.575682
v 0.729383 -1.520759 -0.580555
v 0.688329 -1.532449 -0.580555
v 0.671138 -1.488854 -0.575682
v 0.525503 -1.629591 -0.575682
v 0.568485 -1.648263 -0.580555
v 0.772731 -1.470446 -0.575682
v 0.771929 -1.517302 -0.580555
v 0.550734 -1.584268 -0.575682
v 0.589248 -1.610966 -0.580555
v 0.824259 -1.476412 -0.575682
v 0.814332 -1.522211 -0.580555
v 0.584323 -1.544738 -0.575682
v 0.616889 -1.578437 -0.580555
v 0.873634 -1.492317 -0.575682
v 0.854963 -1.535299 -0.580555
v 0.624978 -1.512521 -0.575682
v 0.650344 -1.551925 -0.580555
v 0.918958 -1.517548 -0.575682
v 0.892260 -1.556062 -0.580555
v 0.958488 -1.551137 -0.575682
v 0.924789 -1.583703 -0.580555
v 0.990705 -1.591792 -0.575682
v 0.951301 -1.617158 -0.580555
v 1.014372 -1.637952 -0.575681
v 0.970776 -1.655143 -0.580555
v 1.028579 -1.687842 -0.575681
v 0.982467 -1.696197 -0.580555
v 1.032780 -1.739544 -0.575681
v 0.985924 -1.738743 -0.580555
v 1.026814 -1.791073 -0.575681
v 0.981014 -1.781146 -0.580555
v 1.010909 -1.840448 -0.575681
v 0.967927 -1.821777 -0.580555
v 0.985678 -1.885772 -0.575682
v 0.947164 -1.859073 -0.580555
v 0.952089 -1.925301 -0.575681
v 0.919523 -1.891603 -0.580555
v 0.911433 -1.957519 -0.575681
v 0.886068 -1.918115 -0.580555
v 0.865274 -1.981186 -0.575681
v 0.848083 -1.937590 -0.580555
v 0.815384 -1.995393 -0.575681
v 0.807029 -1.949281 -0.580555
v 0.545707 -1.878247 -0.318989
v 0.585111 -1.852882 -0.314116
v 0.565636 -1.814897 -0.314116
v 0.522040 -1.832088 -0.318989
v 0.553945 -1.773843 -0.314116
v 0.507833 -1.782198 -0.318989
v 0.550488 -1.731297 -0.314116
v 0.503632 -1.730495 -0.318989
v 0.555397 -1.688893 -0.314116
v 0.509598 -1.678966 -0.318989
v 0.671138 -1.488854 -0.318989
v 0.688329 -1.532449 -0.314116
v 0.729383 -1.520759 -0.314116
v 0.721028 -1.474647 -0.318989
v 0.568485 -1.648263 -0.314116
v 0.525503 -1.629591 -0.318989
v 0.771929 -1.517302 -0.314116
v 0.772730 -1.470446 -0.318989
v 0.589248 -1.610966 -0.314116
v 0.550734 -1.584268 -0.318989
v 0.814332 -1.522211 -0.314116
v 0.824259 -1.476412 -0.318989
v 0.616889 -1.578437 -0.314116
v 0.584323 -1.544738 -0.318989
v 0.854963 -1.535299 -0.314116
v 0.873634 -1.492317 -0.318989
v 0.650344 -1.551925 -0.314116
v 0.624978 -1.512521 -0.318989
v 0.892260 -1.556062 -0.314116
v 0.918958 -1.517548 -0.318989
v 0.924789 -1.583703 -0.314116
v 0.958488 -1.551137 -0.318989
v 0.951301 -1.617158 -0.314116
v 0.990705 -1.591792 -0.318989
v 0.970776 -1.655143 -0.314116
v 1.014372 -1.637952 -0.318989
v 0.982467 -1.696197 -0.314116
v 1.028579 -1.687842 -0.318989
v 0.985924 -1.738743 -0.314116
v 1.032780 -1.739544 -0.318989
v 0.981014 -1.781146 -0.314116
v 1.026814 -1.791073 -0.318989
v 0.967927 -1.821777 -0.314116
v 1.010909 -1.840448 -0.318989
v 0.947164 -1.859073 -0.314116
v 0.985678 -1.885772 -0.318989
v 0.919523 -1.891603 -0.314116
v 0.952089 -1.925301 -0.318989
v 0.886068 -1.918115 -0.314116
v 0.911433 -1.957519 -0.318989
v 0.848083 -1.937590 -0.314116
v 0.865274 -1.981186 -0.318989
v 0.807029 -1.949281 -0.314116
v 0.815384 -1.995393 -0.318989
v 0.764483 -1.952738 -0.314116
v 0.763681 -1.999594 -0.318989
v 0.722079 -1.947828 -0.314116
v 0.712152 -1.993628 -0.318989
v 0.681449 -1.934740 -0.314116
v 0.662778 -1.977723 -0.318989
v 0.644152 -1.913977 -0.314116
v 0.617454 -1.952492 -0.318989
v 0.611623 -1.886337 -0.314116
v 0.577924 -1.918903 -0.318989
vn -0.3515 0.8914 -0.2860
vn -0.1708 0.9429 -0.2860
vn -0.1278 0.7056 -0.6970
vn -0.2630 0.6671 -0.6970
vn 0.7875 -0.5459 -0.2860
vn 0.6659 -0.6891 -0.2860
vn 0.4983 -0.5156 -0.6970
vn 0.5893 -0.4085 -0.6970
vn -0.9581 0.0164 -0.2860
vn -0.9365 0.2030 -0.2860
vn -0.7008 0.1519 -0.6970
vn -0.7169 0.0123 -0.6970
vn 0.8789 -0.3818 -0.2860
vn 0.6577 -0.2857 -0.6970
vn -0.9429 -0.1708 -0.2860
vn -0.7056 -0.1278 -0.6970
vn 0.9365 -0.2030 -0.2860
vn 0.7008 -0.1519 -0.6970
vn -0.8914 -0.3515 -0.2860
vn -0.6671 -0.2630 -0.6970
vn 0.9581 -0.0164 -0.2860
vn 0.7169 -0.0123 -0.6970
vn -0.8057 -0.5187 -0.2860
vn -0.6029 -0.3881 -0.6970
vn 0.9429 0.1708 -0.2860
vn 0.7056 0.1278 -0.6970
vn -0.6891 -0.6659 -0.2860
vn -0.5156 -0.4983 -0.6970
vn 0.8914 0.3515 -0.2860
vn 0.6671 0.2630 -0.6970
vn -0.5459 -0.7875 -0.2860
vn -0.4085 -0.5893 -0.6970
vn 0.8057 0.5187 -0.2860
vn 0.6029 0.3881 -0.6970
vn -0.3818 -0.8789 -0.2860
vn -0.2857 -0.6577 -0.6970
vn 0.6891 0.6659 -0.2860
vn 0.5156 0.4983 -0.6970
vn -0.2030 -0.9365 -0.2860
vn -0.1519 -0.7008 -0.6970
vn 0.5459 0.7875 -0.2860
vn 0.4085 0.5893 -0.6970
vn -0.0164 -0.9581 -0.2860
vn -0.0123 -0.7169 -0.6970
vn -0.5187 0.8057 -0.2860
vn -0.3881 0.6029 -0.6970
vn 0.3818 0.8789 -0.2860
vn 0.2857 0.6577 -0.6970
vn 0.1708 -0.9429 -0.2860
vn 0.1278 -0.7056 -0.6970
vn -0.6659 0.6891 -0.2860
vn -0.4983 0.5156 -0.6970
vn 0.2030 0.9365 -0.2860
vn 0.1519 0.7008 -0.6970
vn 0.3515 -0.8914 -0.2860
vn 0.2630 -0.6671 -0.6970
vn -0.7875 0.5459 -0.2860
vn -0.5893 0.4085 -0.6970
vn 0.0164 0.9581 -0.2860
vn 0.0123 0.7169 -0.6970
vn 0.5187 -0.8057 -0.2860
vn 0.3881 -0.6029 -0.6970
vn -0.8789 0.3818 -0.2860
vn -0.6577 0.2857 -0.6970
vn 0.3636 -0.9221 -0.1321
vn 0.2735 -0.6935 -0.6665
vn 0.1329 -0.7336 -0.6665
vn 0.1767 -0.9754 -0.1321
vn -0.8147 0.5647 -0.1321
vn -0.6127 0.4247 -0.6665
vn -0.5181 0.5361 -0.6665
vn -0.6888 0.7128 -0.1321
vn 0.9911 -0.0170 -0.1321
vn 0.7454 -0.0127 -0.6665
vn 0.7286 -0.1579 -0.6665
vn 0.9687 -0.2100 -0.1321
vn -0.9092 0.3949 -0.1321
vn -0.6838 0.2970 -0.6665
vn 0.9754 0.1767 -0.1321
vn 0.7336 0.1329 -0.6665
vn -0.9687 0.2100 -0.1321
vn -0.7286 0.1579 -0.6665
vn 0.9221 0.3636 -0.1321
vn 0.6935 0.2735 -0.6665
vn -0.9911 0.0169 -0.1321
vn -0.7454 0.0127 -0.6665
vn 0.8335 0.5365 -0.1321
vn 0.6268 0.4035 -0.6665
vn -0.9754 -0.1767 -0.1321
vn -0.7336 -0.1329 -0.6665
vn 0.7128 0.6888 -0.1321
vn 0.5361 0.5181 -0.6665
vn -0.9221 -0.3636 -0.1321
vn -0.6935 -0.2735 -0.6665
vn 0.5647 0.8147 -0.1321
vn 0.4247 0.6127 -0.6665
vn -0.8335 -0.5365 -0.1321
vn -0.6268 -0.4035 -0.6665
vn 0.3949 0.9092 -0.1321
vn 0.2970 0.6838 -0.6665
vn -0.7128 -0.6888 -0.1321
vn -0.5361 -0.5181 -0.6665
vn 0.2100 0.9687 -0.1321
vn 0.1579 0.7286 -0.6665
vn -0.5647 -0.8147 -0.1321
vn -0.4247 -0.6127 -0.6665
vn 0.0169 0.9911 -0.1321
vn 0.0127 0.7454 -0.6665
vn 0.5365 -0.8335 -0.1321
vn 0.4035 -0.6268 -0.6665
vn -0.3949 -0.9092 -0.1321
vn -0.2970 -0.6838 -0.6665
vn -0.1767 0.9754 -0.1321
vn -0.1329 0.7336 -0.6665
vn 0.6888 -0.7128 -0.1321
vn 0.5181 -0.5361 -0.6665
vn -0.2100 -0.9687 -0.1321
vn -0.1579 -0.7286 -0.6665
vn -0.3636 0.9221 -0.1321
vn -0.2735 0.6935 -0.6665
vn 0.8147 -0.5647 -0.1321
vn 0.6127 -0.4247 -0.6665
vn -0.0169 -0.9911 -0.1321
vn -0.0127 -0.7454 -0.6665
vn -0.5365 0.8335 -0.1321
vn -0.4035 0.6268 -0.6665
vn 0.9092 -0.3949 -0.1321
vn 0.6838 -0.2970 -0.6665
vn -0.1279 -0.0504 0.9905
vn -0.6935 -0.2735 0.6665
vn -0.7336 -0.1329 0.6665
vn -0.1352 -0.0245 0.9905
vn -0.0955 0.0988 -0.9905
vn -0.1130 0.0783 -0.9905
vn -0.1156 -0.0744 0.9905
vn -0.6268 -0.4035 0.6665
vn -0.1261 0.0548 -0.9905
vn -0.0988 -0.0955 0.9905
vn -0.5361 -0.5181 0.6665
vn -0.1343 0.0291 -0.9905
vn -0.0783 -0.1130 0.9905
vn -0.4247 -0.6127 0.6665
vn 0.0744 -0.1156 0.9905
vn 0.4035 -0.6268 0.6665
vn 0.2735 -0.6935 0.6665
vn 0.0504 -0.1279 0.9905
vn -0.1374 0.0024 -0.9905
vn -0.0548 -0.1261 0.9905
vn -0.2970 -0.6838 0.6665
vn 0.0955 -0.0988 0.9905
vn 0.5181 -0.5361 0.6665
vn -0.1352 -0.0245 -0.9905
vn -0.0291 -0.1343 0.9905
vn -0.1579 -0.7286 0.6665
vn 0.1130 -0.0783 0.9905
vn 0.6127 -0.4247 0.6665
vn -0.1279 -0.0504 -0.9905
vn -0.0024 -0.1374 0.9905
vn -0.0127 -0.7454 0.6665
vn 0.1261 -0.0548 0.9905
vn 0.6838 -0.2970 0.6665
vn -0.1156 -0.0744 -0.9905
vn 0.0245 -0.1352 0.9905
vn 0.1329 -0.7336 0.6665
vn 0.1343 -0.0291 0.9905
vn 0.7286 -0.1579 0.6665
vn -0.0988 -0.0955 -0.9905
vn 0.1374 -0.0024 0.9905
vn 0.7454 -0.0127 0.6665
vn -0.0783 -0.1130 -0.9905
vn 0.0504 -0.1279 -0.9905
vn 0.0744 -0.1156 -0.9905
vn 0.1352 0.0245 0.9905
vn 0.7336 0.1329 0.6665
vn -0.0548 -0.1261 -0.9905
vn 0.0955 -0.0988 -0.9905
vn 0.1279 0.0504 0.9905
vn 0.6935 0.2735 0.6665
vn -0.0291 -0.1343 -0.9905
vn 0.1130 -0.0783 -0.9905
vn 0.1156 0.0744 0.9905
vn 0.6268 0.4035 0.6665
vn -0.0024 -0.1374 -0.9905
vn 0.1261 -0.0548 -0.9905
vn 0.0988 0.0955 0.9905
vn 0.5361 0.5181 0.6665
vn 0.0245 -0.1352 -0.9905
vn 0.1343 -0.0291 -0.9905
vn 0.0783 0.1130 0.9905
vn 0.4247 0.6127 0.6665
vn 0.1374 -0.0024 -0.9905
vn 0.0548 0.1261 0.9905
vn 0.2970 0.6838 0.6665
vn 0.1352 0.0245 -0.9905
vn 0.0291 0.1343 0.9905
vn 0.1579 0.7286 0.6665
vn 0.1279 0.0504 -0.9905
vn 0.0023 0.1374 0.9905
vn 0.0127 0.7454 0.6665
vn 0.1156 0.0744 -0.9905
vn -0.0245 0.1352 0.9905
vn -0.1329 0.7336 0.6665
vn 0.0988 0.0955 -0.9905
vn -0.0504 0.1279 0.9905
vn -0.2735 0.6935 0.6665
vn 0.0783 0.1130 -0.9905
vn -0.0744 0.1156 0.9905
vn -0.4035 0.6268 0.6665
vn 0.0548 0.1261 -0.9905
vn -0.0955 0.0988 0.9905
vn -0.5181 0.5361 0.6665
vn 0.0291 0.1343 -0.9905
vn -0.1130 0.0783 0.9905
vn -0.6127 0.4247 0.6665
vn 0.0024 0.1374 -0.9905
vn -0.1261 0.0548 0.9905
vn -0.6838 0.2970 0.6665
vn -0.0245 0.1352 -0.9905
vn -0.1343 0.0291 0.9905
vn -0.7286 0.1579 0.6665
vn -0.0504 0.1279 -0.9905
vn -0.1374 0.0024 0.9905
vn -0.7454 0.0127 0.6665
vn -0.0744 0.1156 -0.9905
vn -0.7008 0.1519 0.6970
vn -0.6577 0.2857 0.6970
vn -0.8789 0.3818 0.2860
vn -0.9365 0.2030 0.2860
vn 0.4983 -0.5156 0.6970
vn 0.3881 -0.6029 0.6970
vn 0.5187 -0.8057 0.2860
vn 0.6659 -0.6891 0.2860
vn -0.1278 0.7056 0.6970
vn 0.0123 0.7169 0.6970
vn 0.0164 0.9581 0.2860
vn -0.1708 0.9429 0.2860
vn -0.5893 0.4085 0.6970
vn -0.7875 0.5459 0.2860
vn 0.2630 -0.6671 0.6970
vn 0.3515 -0.8914 0.2860
vn 0.1519 0.7008 0.6970
vn 0.2030 0.9365 0.2860
vn -0.4983 0.5156 0.6970
vn -0.6659 0.6891 0.2860
vn 0.1278 -0.7056 0.6970
vn 0.1708 -0.9429 0.2860
vn 0.2857 0.6577 0.6970
vn 0.3818 0.8789 0.2860
vn -0.3881 0.6029 0.6970
vn -0.5187 0.8057 0.2860
vn -0.0123 -0.7169 0.6970
vn -0.0164 -0.9581 0.2860
vn 0.4085 0.5893 0.6970
vn 0.5459 0.7875 0.2860
vn -0.2630 0.6671 0.6970
vn -0.3515 0.8914 0.2860
vn -0.1519 -0.7008 0.6970
vn -0.2030 -0.9365 0.2860
vn 0.5156 0.4983 0.6970
vn 0.6891 0.6659 0.2860
vn -0.2857 -0.6577 0.6970
vn -0.3818 -0.8789 0.2860
vn 0.6029 0.3881 0.6970
vn 0.8057 0.5187 0.2860
vn -0.4085 -0.5893 0.6970
vn -0.5459 -0.7875 0.2860
vn 0.6671 0.2630 0.6970
vn 0.8914 0.3515 0.2860
vn -0.5156 -0.4983 0.6970
vn -0.6891 -0.6659 0.2860
vn 0.7056 0.1278 0.6970
vn 0.9429 0.1708 0.2860
vn -0.6029 -0.3881 0.6970
vn -0.8057 -0.5187 0.2860
vn 0.7169 -0.0123 0.6970
vn 0.9581 -0.0164 0.2860
vn -0.6671 -0.2630 0.6970
vn -0.8914 -0.3515 0.2860
vn 0.7008 -0.1519 0.6970
vn 0.9365 -0.2030 0.2860
vn -0.7056 -0.1278 0.6970
vn -0.9429 -0.1708 0.2860
vn 0.6577 -0.2857 0.6970
vn 0.8789 -0.3818 0.2860
vn -0.7169 0.0123 0.6970
vn -0.9581 0.0164 0.2860
vn 0.5893 -0.4085 0.6970
vn 0.7875 -0.5459 0.2860
vn 0.9687 -0.2100 0.1321
vn 0.9092 -0.3949 0.1321
vn -0.6888 0.7128 0.1321
vn -0.5365 0.8335 0.1321
vn 0.1767 -0.9754 0.1321
vn -0.0169 -0.9911 0.1321
vn 0.8147 -0.5647 0.1321
vn -0.3636 0.9221 0.1321
vn -0.2100 -0.9687 0.1321
vn 0.6888 -0.7128 0.1321
vn -0.1767 0.9754 0.1321
vn -0.3949 -0.9092 0.1321
vn 0.5365 -0.8335 0.1321
vn 0.0169 0.9911 0.1321
vn -0.5647 -0.8147 0.1321
vn 0.3636 -0.9221 0.1321
vn 0.2100 0.9687 0.1321
vn -0.7128 -0.6888 0.1321
vn 0.3949 0.9092 0.1321
vn -0.8335 -0.5365 0.1321
vn 0.5647 0.8147 0.1321
vn -0.9221 -0.3636 0.1321
vn 0.7128 0.6888 0.1321
vn -0.9754 -0.1767 0.1321
vn 0.8335 0.5365 0.1321
vn -0.9911 0.0169 0.1321
vn 0.9221 0.3636 0.1321
vn -0.9687 0.2100 0.1321
vn 0.9754 0.1767 0.1321
vn -0.9092 0.3949 0.1321
vn 0.9911 -0.0169 0.1321
vn -0.8147 0.5647 0.1321
vn 0.1944 -0.3020 -0.9333
vn 0.2496 -0.2583 -0.9333
vn 0.1317 -0.3341 -0.9333
vn 0.0640 -0.3534 -0.9333
vn -0.0061 -0.3591 -0.9333
vn -0.0761 -0.3510 -0.9333
vn -0.1431 -0.3294 -0.9333
vn -0.2046 -0.2952 -0.9333
vn -0.2583 -0.2496 -0.9333
vn -0.3020 -0.1944 -0.9333
vn -0.3341 -0.1317 -0.9333
vn -0.3534 -0.0640 -0.9333
vn -0.3591 0.0061 -0.9333
vn -0.3510 0.0761 -0.9333
vn -0.0640 0.3534 -0.9333
vn -0.1317 0.3341 -0.9333
vn -0.3294 0.1431 -0.9333
vn 0.0061 0.3591 -0.9333
vn -0.2952 0.2046 -0.9333
vn 0.0761 0.3510 -0.9333
vn -0.2496 0.2583 -0.9333
vn 0.1431 0.3294 -0.9333
vn -0.1944 0.3020 -0.9333
vn 0.2046 0.2952 -0.9333
vn 0.2583 0.2496 -0.9333
vn 0.3020 0.1944 -0.9333
vn 0.3341 0.1317 -0.9333
vn 0.3534 0.0640 -0.9333
vn 0.3591 -0.0061 -0.9333
vn 0.3510 -0.0761 -0.9333
vn 0.3294 -0.1431 -0.9333
vn 0.2952 -0.2046 -0.9333
vn 0.3534 0.0640 0.9333
vn 0.3591 -0.0061 0.9333
vn 0.3510 -0.0761 0.9333
vn 0.3294 -0.1431 0.9333
vn 0.2952 -0.2046 0.9333
vn 0.2496 -0.2583 0.9333
vn 0.1944 -0.3020 0.9333
vn 0.1317 -0.3341 0.9333
vn 0.0640 -0.3534 0.9333
vn -0.0061 -0.3591 0.9333
vn -0.0761 -0.3510 0.9333
vn -0.1431 -0.3294 0.9333
vn -0.2046 -0.2952 0.9333
vn -0.2583 -0.2496 0.9333
vn -0.3020 -0.1944 0.9333
vn -0.3341 -0.1317 0.9333
vn -0.3534 -0.0640 0.9333
vn -0.3591 0.0061 0.9333
vn -0.3510 0.0761 0.9333
vn -0.1317 0.3341 0.9333
vn -0.0640 0.3534 0.9333
vn -0.3294 0.1431 0.9333
vn 0.0061 0.3591 0.9333
vn -0.2952 0.2046 0.9333
vn 0.0761 0.3510 0.9333
vn -0.2496 0.2583 0.9333
vn 0.1431 0.3294 0.9333
vn -0.1944 0.3020 0.9333
vn 0.2046 0.2952 0.9333
vn 0.2583 0.2496 0.9333
vn 0.3020 0.1944 0.9333
vn 0.3341 0.1317 0.9333
vn -0.9911 0.0170 -0.1321
vn 0.9911 -0.0169 -0.1321
vn 0.1374 -0.0023 0.9905
vn 0.0024 0.1374 0.9905
vn -0.9911 0.0170 0.1321
vt 0.000000 0.000000
s 1
f 131/1/1 130/1/2 64/1/3 33/1/4
f 135/1/5 134/1/6 51/1/7 52/1/8
f 139/1/9 138/1/10 38/1/11 39/1/12
f 141/1/13 135/1/5 52/1/8 53/1/14
f 143/1/15 139/1/9 39/1/12 40/1/16
f 145/1/17 141/1/13 53/1/14 54/1/18
f 147/1/19 143/1/15 40/1/16 41/1/20
f 149/1/21 145/1/17 54/1/18 55/1/22
f 151/1/23 147/1/19 41/1/20 42/1/24
f 153/1/25 149/1/21 55/1/22 56/1/26
f 155/1/27 151/1/23 42/1/24 43/1/28
f 157/1/29 153/1/25 56/1/26 57/1/30
f 159/1/31 155/1/27 43/1/28 44/1/32
f 161/1/33 157/1/29 57/1/30 58/1/34
f 163/1/35 159/1/31 44/1/32 45/1/36
f 165/1/37 161/1/33 58/1/34 59/1/38
f 167/1/39 163/1/35 45/1/36 46/1/40
f 169/1/41 165/1/37 59/1/38 60/1/42
f 171/1/43 167/1/39 46/1/40 47/1/44
f 173/1/45 131/1/1 33/1/4 34/1/46
f 175/1/47 169/1/41 60/1/42 61/1/48
f 177/1/49 171/1/43 47/1/44 48/1/50
f 179/1/51 173/1/45 34/1/46 35/1/52
f 181/1/53 175/1/47 61/1/48 62/1/54
f 183/1/55 177/1/49 48/1/50 49/1/56
f 185/1/57 179/1/51 35/1/52 36/1/58
f 187/1/59 181/1/53 62/1/54 63/1/60
f 189/1/61 183/1/55 49/1/56 50/1/62
f 191/1/63 185/1/57 36/1/58 37/1/64
f 130/1/2 187/1/59 63/1/60 64/1/3
f 134/1/6 189/1/61 50/1/62 51/1/7
f 138/1/10 191/1/63 37/1/64 38/1/11
f 195/1/65 97/1/66 128/1/67 194/1/68
f 199/1/69 116/1/70 115/1/71 198/1/72
f 203/1/73 103/1/74 102/1/75 202/1/76
f 205/1/77 117/1/78 116/1/70 199/1/69
f 207/1/79 104/1/80 103/1/74 203/1/73
f 209/1/81 118/1/82 117/1/78 205/1/77
f 211/1/83 105/1/84 104/1/80 207/1/79
f 213/1/85 119/1/86 118/1/82 209/1/81
f 215/1/87 106/1/88 105/1/84 211/1/83
f 217/1/89 120/1/90 119/1/86 213/1/85
f 219/1/91 107/1/92 106/1/88 215/1/87
f 221/1/93 121/1/94 120/1/90 217/1/89
f 223/1/95 108/1/96 107/1/92 219/1/91
f 225/1/97 122/1/98 121/1/94 221/1/93
f 227/1/99 109/1/100 108/1/96 223/1/95
f 229/1/101 123/1/102 122/1/98 225/1/97
f 231/1/103 110/1/104 109/1/100 227/1/99
f 233/1/105 124/1/106 123/1/102 229/1/101
f 235/1/107 111/1/108 110/1/104 231/1/103
f 237/1/109 98/1/110 97/1/66 195/1/65
f 239/1/111 125/1/112 124/1/106 233/1/105
f 241/1/113 112/1/114 111/1/108 235/1/107
f 243/1/115 99/1/116 98/1/110 237/1/109
f 245/1/117 126/1/118 125/1/112 239/1/111
f 247/1/119 113/1/120 112/1/114 241/1/113
f 249/1/121 100/1/122 99/1/116 243/1/115
f 251/1/123 127/1/124 126/1/118 245/1/117
f 253/1/125 114/1/126 113/1/120 247/1/119
f 255/1/127 101/1/128 100/1/122 249/1/121
f 194/1/68 128/1/67 127/1/124 251/1/123
f 198/1/72 115/1/71 114/1/126 253/1/125
f 202/1/76 102/1/75 101/1/128 255/1/127
f 323/1/129 89/1/130 88/1/131 322/1/132
f 259/1/133 115/1/71 116/1/70 258/1/134
f 325/1/135 90/1/136 89/1/130 323/1/129
f 258/1/134 116/1/70 117/1/78 262/1/137
f 327/1/138 91/1/139 90/1/136 325/1/135
f 262/1/137 117/1/78 118/1/82 264/1/140
f 329/1/141 92/1/142 91/1/139 327/1/138
f 333/1/143 66/1/144 65/1/145 332/1/146
f 264/1/140 118/1/82 119/1/86 266/1/147
f 335/1/148 93/1/149 92/1/142 329/1/141
f 337/1/150 67/1/151 66/1/144 333/1/143
f 266/1/147 119/1/86 120/1/90 268/1/152
f 339/1/153 94/1/154 93/1/149 335/1/148
f 341/1/155 68/1/156 67/1/151 337/1/150
f 268/1/152 120/1/90 121/1/94 270/1/157
f 343/1/158 95/1/159 94/1/154 339/1/153
f 345/1/160 69/1/161 68/1/156 341/1/155
f 270/1/157 121/1/94 122/1/98 272/1/162
f 347/1/163 96/1/164 95/1/159 343/1/158
f 349/1/165 70/1/166 69/1/161 345/1/160
f 272/1/162 122/1/98 123/1/102 274/1/167
f 332/1/146 65/1/145 96/1/164 347/1/163
f 351/1/168 71/1/169 70/1/166 349/1/165
f 274/1/167 123/1/102 124/1/106 276/1/170
f 279/1/171 97/1/66 98/1/110 278/1/172
f 353/1/173 72/1/174 71/1/169 351/1/168
f 276/1/170 124/1/106 125/1/112 282/1/175
f 278/1/172 98/1/110 99/1/116 284/1/176
f 355/1/177 73/1/178 72/1/174 353/1/173
f 282/1/175 125/1/112 126/1/118 286/1/179
f 284/1/176 99/1/116 100/1/122 288/1/180
f 357/1/181 74/1/182 73/1/178 355/1/177
f 286/1/179 126/1/118 127/1/124 290/1/183
f 288/1/180 100/1/122 101/1/128 292/1/184
f 359/1/185 75/1/186 74/1/182 357/1/181
f 290/1/183 127/1/124 128/1/67 294/1/187
f 292/1/184 101/1/128 102/1/75 296/1/188
f 361/1/189 76/1/190 75/1/186 359/1/185
f 294/1/187 128/1/67 97/1/66 279/1/171
f 296/1/188 102/1/75 103/1/74 298/1/191
f 363/1/192 77/1/193 76/1/190 361/1/189
f 298/1/191 103/1/74 104/1/80 300/1/194
f 365/1/195 78/1/196 77/1/193 363/1/192
f 300/1/194 104/1/80 105/1/84 302/1/197
f 367/1/198 79/1/199 78/1/196 365/1/195
f 302/1/197 105/1/84 106/1/88 304/1/200
f 369/1/201 80/1/202 79/1/199 367/1/198
f 304/1/200 106/1/88 107/1/92 306/1/203
f 371/1/204 81/1/205 80/1/202 369/1/201
f 306/1/203 107/1/92 108/1/96 308/1/206
f 373/1/207 82/1/208 81/1/205 371/1/204
f 308/1/206 108/1/96 109/1/100 310/1/209
f 375/1/210 83/1/211 82/1/208 373/1/207
f 310/1/209 109/1/100 110/1/104 312/1/212
f 377/1/213 84/1/214 83/1/211 375/1/210
f 312/1/212 110/1/104 111/1/108 314/1/215
f 379/1/216 85/1/217 84/1/214 377/1/213
f 314/1/215 111/1/108 112/1/114 316/1/218
f 381/1/219 86/1/220 85/1/217 379/1/216
f 316/1/218 112/1/114 113/1/120 318/1/221
f 383/1/222 87/1/223 86/1/220 381/1/219
f 318/1/221 113/1/120 114/1/126 320/1/224
f 322/1/132 88/1/131 87/1/223 383/1/222
f 320/1/224 114/1/126 115/1/71 259/1/133
f 6/1/225 5/1/226 192/1/227 137/1/228
f 137/1/228 192/1/227 191/1/63 138/1/10
f 19/1/229 18/1/230 190/1/231 133/1/232
f 133/1/232 190/1/231 189/1/61 134/1/6
f 32/1/233 31/1/234 188/1/235 129/1/236
f 129/1/236 188/1/235 187/1/59 130/1/2
f 5/1/226 4/1/237 186/1/238 192/1/227
f 192/1/227 186/1/238 185/1/57 191/1/63
f 18/1/230 17/1/239 184/1/240 190/1/231
f 190/1/231 184/1/240 183/1/55 189/1/61
f 31/1/234 30/1/241 182/1/242 188/1/235
f 188/1/235 182/1/242 181/1/53 187/1/59
f 4/1/237 3/1/243 180/1/244 186/1/238
f 186/1/238 180/1/244 179/1/51 185/1/57
f 17/1/239 16/1/245 178/1/246 184/1/240
f 184/1/240 178/1/246 177/1/49 183/1/55
f 30/1/241 29/1/247 176/1/248 182/1/242
f 182/1/242 176/1/248 175/1/47 181/1/53
f 3/1/243 2/1/249 174/1/250 180/1/244
f 180/1/244 174/1/250 173/1/45 179/1/51
f 16/1/245 15/1/251 172/1/252 178/1/246
f 178/1/246 172/1/252 171/1/43 177/1/49
f 29/1/247 28/1/253 170/1/254 176/1/248
f 176/1/248 170/1/254 169/1/41 175/1/47
f 2/1/249 1/1/255 132/1/256 174/1/250
f 174/1/250 132/1/256 131/1/1 173/1/45
f 15/1/251 14/1/257 168/1/258 172/1/252
f 172/1/252 168/1/258 167/1/39 171/1/43
f 28/1/253 27/1/259 166/1/260 170/1/254
f 170/1/254 166/1/260 165/1/37 169/1/41
f 14/1/257 13/1/261 164/1/262 168/1/258
f 168/1/258 164/1/262 163/1/35 167/1/39
f 27/1/259 26/1/263 162/1/264 166/1/260
f 166/1/260 162/1/264 161/1/33 165/1/37
f 13/1/261 12/1/265 160/1/266 164/1/262
f 164/1/262 160/1/266 159/1/31 163/1/35
f 26/1/263 25/1/267 158/1/268 162/1/264
f 162/1/264 158/1/268 157/1/29 161/1/33
f 12/1/265 11/1/269 156/1/270 160/1/266
f 160/1/266 156/1/270 155/1/27 159/1/31
f 25/1/267 24/1/271 154/1/272 158/1/268
f 158/1/268 154/1/272 153/1/25 157/1/29
f 11/1/269 10/1/273 152/1/274 156/1/270
f 156/1/270 152/1/274 151/1/23 155/1/27
f 24/1/271 23/1/275 150/1/276 154/1/272
f 154/1/272 150/1/276 149/1/21 153/1/25
f 10/1/273 9/1/277 148/1/278 152/1/274
f 152/1/274 148/1/278 147/1/19 151/1/23
f 23/1/275 22/1/279 146/1/280 150/1/276
f 150/1/276 146/1/280 145/1/17 149/1/21
f 9/1/277 8/1/281 144/1/282 148/1/278
f 148/1/278 144/1/282 143/1/15 147/1/19
f 22/1/279 21/1/283 142/1/284 146/1/280
f 146/1/280 142/1/284 141/1/13 145/1/17
f 8/1/281 7/1/285 140/1/286 144/1/282
f 144/1/282 140/1/286 139/1/9 143/1/15
f 21/1/283 20/1/287 136/1/288 142/1/284
f 142/1/284 136/1/288 135/1/5 141/1/13
f 7/1/285 6/1/225 137/1/228 140/1/286
f 140/1/286 137/1/228 138/1/10 139/1/9
f 20/1/287 19/1/229 133/1/232 136/1/288
f 136/1/288 133/1/232 134/1/6 135/1/5
f 1/1/255 32/1/233 129/1/236 132/1/256
f 132/1/256 129/1/236 130/1/2 131/1/1
f 70/1/166 201/1/289 256/1/290 69/1/161
f 201/1/289 202/1/76 255/1/127 256/1/290
f 83/1/211 197/1/291 254/1/292 82/1/208
f 197/1/291 198/1/72 253/1/125 254/1/292
f 96/1/164 193/1/293 252/1/294 95/1/159
f 193/1/293 194/1/68 251/1/123 252/1/294
f 69/1/161 256/1/290 250/1/295 68/1/156
f 256/1/290 255/1/127 249/1/121 250/1/295
f 82/1/208 254/1/292 248/1/296 81/1/205
f 254/1/292 253/1/125 247/1/119 248/1/296
f 95/1/159 252/1/294 246/1/297 94/1/154
f 252/1/294 251/1/123 245/1/117 246/1/297
f 68/1/156 250/1/295 244/1/298 67/1/151
f 250/1/295 249/1/121 243/1/115 244/1/298
f 81/1/205 248/1/296 242/1/299 80/1/202
f 248/1/296 247/1/119 241/1/113 242/1/299
f 94/1/154 246/1/297 240/1/300 93/1/149
f 246/1/297 245/1/117 239/1/111 240/1/300
f 67/1/151 244/1/298 238/1/301 66/1/144
f 244/1/298 243/1/115 237/1/109 238/1/301
f 80/1/202 242/1/299 236/1/302 79/1/199
f 242/1/299 241/1/113 235/1/107 236/1/302
f 93/1/149 240/1/300 234/1/303 92/1/142
f 240/1/300 239/1/111 233/1/105 234/1/303
f 66/1/144 238/1/301 196/1/304 65/1/145
f 238/1/301 237/1/109 195/1/65 196/1/304
f 79/1/199 236/1/302 232/1/305 78/1/196
f 236/1/302 235/1/107 231/1/103 232/1/305
f 92/1/142 234/1/303 230/1/306 91/1/139
f 234/1/303 233/1/105 229/1/101 230/1/306
f 78/1/196 232/1/305 228/1/307 77/1/193
f 232/1/305 231/1/103 227/1/99 228/1/307
f 91/1/139 230/1/306 226/1/308 90/1/136
f 230/1/306 229/1/101 225/1/97 226/1/308
f 77/1/193 228/1/307 224/1/309 76/1/190
f 228/1/307 227/1/99 223/1/95 224/1/309
f 90/1/136 226/1/308 222/1/310 89/1/130
f 226/1/308 225/1/97 221/1/93 222/1/310
f 76/1/190 224/1/309 220/1/311 75/1/186
f 224/1/309 223/1/95 219/1/91 220/1/311
f 89/1/130 222/1/310 218/1/312 88/1/131
f 222/1/310 221/1/93 217/1/89 218/1/312
f 75/1/186 220/1/311 216/1/313 74/1/182
f 220/1/311 219/1/91 215/1/87 216/1/313
f 88/1/131 218/1/312 214/1/314 87/1/223
f 218/1/312 217/1/89 213/1/85 214/1/314
f 74/1/182 216/1/313 212/1/315 73/1/178
f 216/1/313 215/1/87 211/1/83 212/1/315
f 87/1/223 214/1/314 210/1/316 86/1/220
f 214/1/314 213/1/85 209/1/81 210/1/316
f 73/1/178 212/1/315 208/1/317 72/1/174
f 212/1/315 211/1/83 207/1/79 208/1/317
f 86/1/220 210/1/316 206/1/318 85/1/217
f 210/1/316 209/1/81 205/1/77 206/1/318
f 72/1/174 208/1/317 204/1/319 71/1/169
f 208/1/317 207/1/79 203/1/73 204/1/319
f 85/1/217 206/1/318 200/1/320 84/1/214
f 206/1/318 205/1/77 199/1/69 200/1/320
f 71/1/169 204/1/319 201/1/289 70/1/166
f 204/1/319 203/1/73 202/1/76 201/1/289
f 84/1/214 200/1/320 197/1/291 83/1/211
f 200/1/320 199/1/69 198/1/72 197/1/291
f 65/1/145 196/1/304 193/1/293 96/1/164
f 196/1/304 195/1/65 194/1/68 193/1/293
f 50/1/62 319/1/321 260/1/322 51/1/7
f 319/1/321 320/1/224 259/1/133 260/1/322
f 49/1/56 317/1/323 319/1/321 50/1/62
f 317/1/323 318/1/221 320/1/224 319/1/321
f 48/1/50 315/1/324 317/1/323 49/1/56
f 315/1/324 316/1/218 318/1/221 317/1/323
f 47/1/44 313/1/325 315/1/324 48/1/50
f 313/1/325 314/1/215 316/1/218 315/1/324
f 46/1/40 311/1/326 313/1/325 47/1/44
f 311/1/326 312/1/212 314/1/215 313/1/325
f 45/1/36 309/1/327 311/1/326 46/1/40
f 309/1/327 310/1/209 312/1/212 311/1/326
f 44/1/32 307/1/328 309/1/327 45/1/36
f 307/1/328 308/1/206 310/1/209 309/1/327
f 43/1/28 305/1/329 307/1/328 44/1/32
f 305/1/329 306/1/203 308/1/206 307/1/328
f 42/1/24 303/1/330 305/1/329 43/1/28
f 303/1/330 304/1/200 306/1/203 305/1/329
f 41/1/20 301/1/331 303/1/330 42/1/24
f 301/1/331 302/1/197 304/1/200 303/1/330
f 40/1/16 299/1/332 301/1/331 41/1/20
f 299/1/332 300/1/194 302/1/197 301/1/331
f 39/1/12 297/1/333 299/1/332 40/1/16
f 297/1/333 298/1/191 300/1/194 299/1/332
f 38/1/11 295/1/334 297/1/333 39/1/12
f 295/1/334 296/1/188 298/1/191 297/1/333
f 64/1/3 293/1/335 280/1/336 33/1/4
f 293/1/335 294/1/187 279/1/171 280/1/336
f 37/1/64 291/1/337 295/1/334 38/1/11
f 291/1/337 292/1/184 296/1/188 295/1/334
f 63/1/60 289/1/338 293/1/335 64/1/3
f 289/1/338 290/1/183 294/1/187 293/1/335
f 36/1/58 287/1/339 291/1/337 37/1/64
f 287/1/339 288/1/180 292/1/184 291/1/337
f 62/1/54 285/1/340 289/1/338 63/1/60
f 285/1/340 286/1/179 290/1/183 289/1/338
f 35/1/52 283/1/341 287/1/339 36/1/58
f 283/1/341 284/1/176 288/1/180 287/1/339
f 61/1/48 281/1/342 285/1/340 62/1/54
f 281/1/342 282/1/175 286/1/179 285/1/340
f 34/1/46 277/1/343 283/1/341 35/1/52
f 277/1/343 278/1/172 284/1/176 283/1/341
f 60/1/42 275/1/344 281/1/342 61/1/48
f 275/1/344 276/1/170 282/1/175 281/1/342
f 33/1/4 280/1/336 277/1/343 34/1/46
f 280/1/336 279/1/171 278/1/172 277/1/343
f 59/1/38 273/1/345 275/1/344 60/1/42
f 273/1/345 274/1/167 276/1/170 275/1/344
f 58/1/34 271/1/346 273/1/345 59/1/38
f 271/1/346 272/1/162 274/1/167 273/1/345
f 57/1/30 269/1/347 271/1/346 58/1/34
f 269/1/347 270/1/157 272/1/162 271/1/346
f 56/1/26 267/1/348 269/1/347 57/1/30
f 267/1/348 268/1/152 270/1/157 269/1/347
f 55/1/22 265/1/349 267/1/348 56/1/26
f 265/1/349 266/1/147 268/1/152 267/1/348
f 54/1/18 263/1/350 265/1/349 55/1/22
f 263/1/350 264/1/140 266/1/147 265/1/349
f 53/1/14 261/1/351 263/1/350 54/1/18
f 261/1/351 262/1/137 264/1/140 263/1/350
f 52/1/8 257/1/352 261/1/351 53/1/14
f 257/1/352 258/1/134 262/1/137 261/1/351
f 51/1/7 260/1/322 257/1/352 52/1/8
f 260/1/322 259/1/133 258/1/134 257/1/352
f 24/1/271 321/1/353 384/1/354 23/1/275
f 321/1/353 322/1/132 383/1/222 384/1/354
f 23/1/275 384/1/354 382/1/355 22/1/279
f 384/1/354 383/1/222 381/1/219 382/1/355
f 22/1/279 382/1/355 380/1/356 21/1/283
f 382/1/355 381/1/219 379/1/216 380/1/356
f 21/1/283 380/1/356 378/1/357 20/1/287
f 380/1/356 379/1/216 377/1/213 378/1/357
f 20/1/287 378/1/357 376/1/358 19/1/229
f 378/1/357 377/1/213 375/1/210 376/1/358
f 19/1/229 376/1/358 374/1/359 18/1/230
f 376/1/358 375/1/210 373/1/207 374/1/359
f 18/1/230 374/1/359 372/1/360 17/1/239
f 374/1/359 373/1/207 371/1/204 372/1/360
f 17/1/239 372/1/360 370/1/361 16/1/245
f 372/1/360 371/1/204 369/1/201 370/1/361
f 16/1/245 370/1/361 368/1/362 15/1/251
f 370/1/361 369/1/201 367/1/198 368/1/362
f 15/1/251 368/1/362 366/1/363 14/1/257
f 368/1/362 367/1/198 365/1/195 366/1/363
f 14/1/257 366/1/363 364/1/364 13/1/261
f 366/1/363 365/1/195 363/1/192 364/1/364
f 13/1/261 364/1/364 362/1/365 12/1/265
f 364/1/364 363/1/192 361/1/189 362/1/365
f 12/1/265 362/1/365 360/1/366 11/1/269
f 362/1/365 361/1/189 359/1/185 360/1/366
f 11/1/269 360/1/366 358/1/367 10/1/273
f 360/1/366 359/1/185 357/1/181 358/1/367
f 10/1/273 358/1/367 356/1/368 9/1/277
f 358/1/367 357/1/181 355/1/177 356/1/368
f 9/1/277 356/1/368 354/1/369 8/1/281
f 356/1/368 355/1/177 353/1/173 354/1/369
f 8/1/281 354/1/369 352/1/370 7/1/285
f 354/1/369 353/1/173 351/1/168 352/1/370
f 7/1/285 352/1/370 350/1/371 6/1/225
f 352/1/370 351/1/168 349/1/165 350/1/371
f 1/1/255 331/1/372 348/1/373 32/1/233
f 331/1/372 332/1/146 347/1/163 348/1/373
f 6/1/225 350/1/371 346/1/374 5/1/226
f 350/1/371 349/1/165 345/1/160 346/1/374
f 32/1/233 348/1/373 344/1/375 31/1/234
f 348/1/373 347/1/163 343/1/158 344/1/375
f 5/1/226 346/1/374 342/1/376 4/1/237
f 346/1/374 345/1/160 341/1/155 342/1/376
f 31/1/234 344/1/375 340/1/377 30/1/241
f 344/1/375 343/1/158 339/1/153 340/1/377
f 4/1/237 342/1/376 338/1/378 3/1/243
f 342/1/376 341/1/155 337/1/150 338/1/378
f 30/1/241 340/1/377 336/1/379 29/1/247
f 340/1/377 339/1/153 335/1/148 336/1/379
f 3/1/243 338/1/378 334/1/380 2/1/249
f 338/1/378 337/1/150 333/1/143 334/1/380
f 29/1/247 336/1/379 330/1/381 28/1/253
f 336/1/379 335/1/148 329/1/141 330/1/381
f 2/1/249 334/1/380 331/1/372 1/1/255
f 334/1/380 333/1/143 332/1/146 331/1/372
f 28/1/253 330/1/381 328/1/382 27/1/259
f 330/1/381 329/1/141 327/1/138 328/1/382
f 27/1/259 328/1/382 326/1/383 26/1/263
f 328/1/382 327/1/138 325/1/135 326/1/383
f 26/1/263 326/1/383 324/1/384 25/1/267
f 326/1/383 325/1/135 323/1/129 324/1/384
f 25/1/267 324/1/384 321/1/353 24/1/271
f 324/1/384 323/1/129 322/1/132 321/1/353
f 515/1/1 417/1/4 448/1/46 514/1/45
f 519/1/39 436/1/40 435/1/44 518/1/43
f 523/1/37 423/1/38 422/1/42 522/1/41
f 525/1/35 437/1/36 436/1/40 519/1/39
f 527/1/33 424/1/34 423/1/38 523/1/37
f 529/1/31 438/1/32 437/1/36 525/1/35
f 531/1/29 425/1/30 424/1/34 527/1/33
f 533/1/27 439/1/28 438/1/32 529/1/31
f 535/1/25 426/1/26 425/1/30 531/1/29
f 537/1/23 440/1/24 439/1/28 533/1/27
f 539/1/21 427/1/22 426/1/26 535/1/25
f 541/1/19 441/1/20 440/1/24 537/1/23
f 543/1/17 428/1/18 427/1/22 539/1/21
f 545/1/15 442/1/16 441/1/20 541/1/19
f 547/1/13 429/1/14 428/1/18 543/1/17
f 549/1/9 443/1/12 442/1/16 545/1/15
f 551/1/5 430/1/8 429/1/14 547/1/13
f 553/1/10 444/1/11 443/1/12 549/1/9
f 555/1/6 431/1/7 430/1/8 551/1/5
f 557/1/2 418/1/3 417/1/4 515/1/1
f 559/1/63 445/1/64 444/1/11 553/1/10
f 561/1/61 432/1/62 431/1/7 555/1/6
f 563/1/59 419/1/60 418/1/3 557/1/2
f 565/1/57 446/1/58 445/1/64 559/1/63
f 567/1/55 433/1/56 432/1/62 561/1/61
f 569/1/53 420/1/54 419/1/60 563/1/59
f 571/1/51 447/1/52 446/1/58 565/1/57
f 573/1/49 434/1/50 433/1/56 567/1/55
f 575/1/47 421/1/48 420/1/54 569/1/53
f 514/1/45 448/1/46 447/1/52 571/1/51
f 518/1/43 435/1/44 434/1/50 573/1/49
f 522/1/41 422/1/42 421/1/48 575/1/47
f 579/1/65 578/1/109 512/1/110 481/1/66
f 583/1/103 582/1/107 499/1/108 500/1/104
f 587/1/101 586/1/105 486/1/106 487/1/102
f 589/1/99 583/1/103 500/1/104 501/1/100
f 591/1/97 587/1/101 487/1/102 488/1/98
f 593/1/95 589/1/99 501/1/100 502/1/96
f 595/1/93 591/1/97 488/1/98 489/1/94
f 597/1/91 593/1/95 502/1/96 503/1/92
f 599/1/89 595/1/93 489/1/94 490/1/90
f 601/1/87 597/1/91 503/1/92 504/1/88
f 603/1/385 599/1/89 490/1/90 491/1/86
f 605/1/83 601/1/87 504/1/88 505/1/84
f 607/1/81 603/1/385 491/1/86 492/1/82
f 609/1/79 605/1/83 505/1/84 506/1/80
f 611/1/77 607/1/81 492/1/82 493/1/78
f 613/1/386 609/1/79 506/1/80 507/1/74
f 615/1/69 611/1/77 493/1/78 494/1/70
f 617/1/76 613/1/386 507/1/74 508/1/75
f 619/1/72 615/1/69 494/1/70 495/1/71
f 621/1/68 579/1/65 481/1/66 482/1/67
f 623/1/127 617/1/76 508/1/75 509/1/128
f 625/1/125 619/1/72 495/1/71 496/1/126
f 627/1/123 621/1/68 482/1/67 483/1/124
f 629/1/121 623/1/127 509/1/128 510/1/122
f 631/1/119 625/1/125 496/1/126 497/1/120
f 633/1/117 627/1/123 483/1/124 484/1/118
f 635/1/115 629/1/121 510/1/122 511/1/116
f 637/1/113 631/1/119 497/1/120 498/1/114
f 639/1/111 633/1/117 484/1/118 485/1/112
f 578/1/109 635/1/115 511/1/116 512/1/110
f 582/1/107 637/1/113 498/1/114 499/1/108
f 586/1/105 639/1/111 485/1/112 486/1/106
f 707/1/177 706/1/181 472/1/182 473/1/178
f 643/1/215 642/1/212 500/1/104 499/1/108
f 709/1/173 707/1/177 473/1/178 474/1/174
f 642/1/212 646/1/209 501/1/100 500/1/104
f 711/1/387 709/1/173 474/1/174 475/1/169
f 646/1/209 648/1/206 502/1/96 501/1/100
f 713/1/165 711/1/387 475/1/169 476/1/166
f 717/1/163 716/1/146 449/1/145 450/1/164
f 648/1/206 650/1/203 503/1/92 502/1/96
f 719/1/160 713/1/165 476/1/166 477/1/161
f 721/1/158 717/1/163 450/1/164 451/1/159
f 650/1/203 652/1/200 504/1/88 503/1/92
f 723/1/155 719/1/160 477/1/161 478/1/156
f 725/1/153 721/1/158 451/1/159 452/1/154
f 652/1/200 654/1/197 505/1/84 504/1/88
f 727/1/150 723/1/155 478/1/156 479/1/151
f 729/1/148 725/1/153 452/1/154 453/1/149
f 654/1/197 656/1/194 506/1/80 505/1/84
f 731/1/143 727/1/150 479/1/151 480/1/144
f 733/1/141 729/1/148 453/1/149 454/1/142
f 656/1/194 658/1/191 507/1/74 506/1/80
f 716/1/146 731/1/143 480/1/144 449/1/145
f 735/1/138 733/1/141 454/1/142 455/1/139
f 658/1/191 660/1/188 508/1/75 507/1/74
f 663/1/171 662/1/187 482/1/67 481/1/66
f 737/1/135 735/1/138 455/1/139 456/1/136
f 660/1/188 666/1/184 509/1/128 508/1/75
f 662/1/187 668/1/183 483/1/124 482/1/67
f 739/1/129 737/1/135 456/1/136 457/1/130
f 666/1/184 670/1/180 510/1/122 509/1/128
f 668/1/183 672/1/179 484/1/118 483/1/124
f 741/1/132 739/1/129 457/1/130 458/1/131
f 670/1/180 674/1/176 511/1/116 510/1/122
f 672/1/179 676/1/175 485/1/112 484/1/118
f 743/1/222 741/1/132 458/1/131 459/1/223
f 674/1/176 678/1/172 512/1/110 511/1/116
f 676/1/175 680/1/170 486/1/106 485/1/112
f 745/1/219 743/1/222 459/1/223 460/1/220
f 678/1/172 663/1/171 481/1/66 512/1/110
f 680/1/170 682/1/167 487/1/102 486/1/106
f 747/1/216 745/1/219 460/1/220 461/1/217
f 682/1/167 684/1/162 488/1/98 487/1/102
f 749/1/213 747/1/216 461/1/217 462/1/214
f 684/1/162 686/1/157 489/1/94 488/1/98
f 751/1/210 749/1/213 462/1/214 463/1/211
f 686/1/157 688/1/152 490/1/90 489/1/94
f 753/1/207 751/1/210 463/1/211 464/1/208
f 688/1/152 690/1/147 491/1/86 490/1/90
f 755/1/204 753/1/207 464/1/208 465/1/205
f 690/1/147 692/1/140 492/1/82 491/1/86
f 757/1/201 755/1/204 465/1/205 466/1/202
f 692/1/140 694/1/137 493/1/78 492/1/82
f 759/1/388 757/1/201 466/1/202 467/1/199
f 694/1/137 696/1/134 494/1/70 493/1/78
f 761/1/195 759/1/388 467/1/199 468/1/196
f 696/1/134 698/1/133 495/1/71 494/1/70
f 763/1/192 761/1/195 468/1/196 469/1/193
f 698/1/133 700/1/224 496/1/126 495/1/71
f 765/1/189 763/1/192 469/1/193 470/1/190
f 700/1/224 702/1/221 497/1/120 496/1/126
f 767/1/185 765/1/189 470/1/190 471/1/186
f 702/1/221 704/1/218 498/1/114 497/1/120
f 706/1/181 767/1/185 471/1/186 472/1/182
f 704/1/218 643/1/215 499/1/108 498/1/114
f 390/1/253 521/1/254 576/1/248 389/1/247
f 521/1/254 522/1/41 575/1/47 576/1/248
f 403/1/251 517/1/252 574/1/246 402/1/245
f 517/1/252 518/1/43 573/1/49 574/1/246
f 416/1/249 513/1/250 572/1/244 415/1/243
f 513/1/250 514/1/45 571/1/51 572/1/244
f 389/1/247 576/1/248 570/1/242 388/1/241
f 576/1/248 575/1/47 569/1/53 570/1/242
f 402/1/245 574/1/246 568/1/240 401/1/239
f 574/1/246 573/1/49 567/1/55 568/1/240
f 415/1/243 572/1/244 566/1/238 414/1/237
f 572/1/244 571/1/51 565/1/57 566/1/238
f 388/1/241 570/1/242 564/1/235 387/1/234
f 570/1/242 569/1/53 563/1/59 564/1/235
f 401/1/239 568/1/240 562/1/231 400/1/230
f 568/1/240 567/1/55 561/1/61 562/1/231
f 414/1/237 566/1/238 560/1/227 413/1/226
f 566/1/238 565/1/57 559/1/63 560/1/227
f 387/1/234 564/1/235 558/1/236 386/1/233
f 564/1/235 563/1/59 557/1/2 558/1/236
f 400/1/230 562/1/231 556/1/232 399/1/229
f 562/1/231 561/1/61 555/1/6 556/1/232
f 413/1/226 560/1/227 554/1/228 412/1/225
f 560/1/227 559/1/63 553/1/10 554/1/228
f 386/1/233 558/1/236 516/1/256 385/1/255
f 558/1/236 557/1/2 515/1/1 516/1/256
f 399/1/229 556/1/232 552/1/288 398/1/287
f 556/1/232 555/1/6 551/1/5 552/1/288
f 412/1/225 554/1/228 550/1/286 411/1/285
f 554/1/228 553/1/10 549/1/9 550/1/286
f 398/1/287 552/1/288 548/1/284 397/1/283
f 552/1/288 551/1/5 547/1/13 548/1/284
f 411/1/285 550/1/286 546/1/282 410/1/281
f 550/1/286 549/1/9 545/1/15 546/1/282
f 397/1/283 548/1/284 544/1/280 396/1/279
f 548/1/284 547/1/13 543/1/17 544/1/280
f 410/1/281 546/1/282 542/1/278 409/1/277
f 546/1/282 545/1/15 541/1/19 542/1/278
f 396/1/279 544/1/280 540/1/276 395/1/275
f 544/1/280 543/1/17 539/1/21 540/1/276
f 409/1/277 542/1/278 538/1/274 408/1/273
f 542/1/278 541/1/19 537/1/23 538/1/274
f 395/1/275 540/1/276 536/1/272 394/1/271
f 540/1/276 539/1/21 535/1/25 536/1/272
f 408/1/273 538/1/274 534/1/270 407/1/269
f 538/1/274 537/1/23 533/1/27 534/1/270
f 394/1/271 536/1/272 532/1/268 393/1/267
f 536/1/272 535/1/25 531/1/29 532/1/268
f 407/1/269 534/1/270 530/1/266 406/1/265
f 534/1/270 533/1/27 529/1/31 530/1/266
f 393/1/267 532/1/268 528/1/264 392/1/263
f 532/1/268 531/1/29 527/1/33 528/1/264
f 406/1/265 530/1/266 526/1/262 405/1/261
f 530/1/266 529/1/31 525/1/35 526/1/262
f 392/1/263 528/1/264 524/1/260 391/1/259
f 528/1/264 527/1/33 523/1/37 524/1/260
f 405/1/261 526/1/262 520/1/258 404/1/257
f 526/1/262 525/1/35 519/1/39 520/1/258
f 391/1/259 524/1/260 521/1/254 390/1/253
f 524/1/260 523/1/37 522/1/41 521/1/254
f 404/1/257 520/1/258 517/1/252 403/1/251
f 520/1/258 519/1/39 518/1/43 517/1/252
f 385/1/255 516/1/256 513/1/250 416/1/249
f 516/1/256 515/1/1 514/1/45 513/1/250
f 454/1/142 453/1/149 640/1/300 585/1/303
f 585/1/303 640/1/300 639/1/111 586/1/105
f 467/1/199 466/1/202 638/1/299 581/1/302
f 581/1/302 638/1/299 637/1/113 582/1/107
f 480/1/144 479/1/151 636/1/298 577/1/301
f 577/1/301 636/1/298 635/1/115 578/1/109
f 453/1/149 452/1/154 634/1/297 640/1/300
f 640/1/300 634/1/297 633/1/117 639/1/111
f 466/1/202 465/1/205 632/1/296 638/1/299
f 638/1/299 632/1/296 631/1/119 637/1/113
f 479/1/151 478/1/156 630/1/295 636/1/298
f 636/1/298 630/1/295 629/1/121 635/1/115
f 452/1/154 451/1/159 628/1/294 634/1/297
f 634/1/297 628/1/294 627/1/123 633/1/117
f 465/1/205 464/1/208 626/1/292 632/1/296
f 632/1/296 626/1/292 625/1/125 631/1/119
f 478/1/156 477/1/161 624/1/290 630/1/295
f 630/1/295 624/1/290 623/1/127 629/1/121
f 451/1/159 450/1/164 622/1/293 628/1/294
f 628/1/294 622/1/293 621/1/68 627/1/123
f 464/1/208 463/1/211 620/1/291 626/1/292
f 626/1/292 620/1/291 619/1/72 625/1/125
f 477/1/161 476/1/166 618/1/289 624/1/290
f 624/1/290 618/1/289 617/1/76 623/1/127
f 450/1/164 449/1/145 580/1/304 622/1/293
f 622/1/293 580/1/304 579/1/65 621/1/68
f 463/1/211 462/1/214 616/1/320 620/1/291
f 620/1/291 616/1/320 615/1/69 619/1/72
f 476/1/166 475/1/169 614/1/319 618/1/289
f 618/1/289 614/1/319 613/1/386 617/1/76
f 462/1/214 461/1/217 612/1/318 616/1/320
f 616/1/320 612/1/318 611/1/77 615/1/69
f 475/1/169 474/1/174 610/1/317 614/1/319
f 614/1/319 610/1/317 609/1/79 613/1/386
f 461/1/217 460/1/220 608/1/316 612/1/318
f 612/1/318 608/1/316 607/1/81 611/1/77
f 474/1/174 473/1/178 606/1/315 610/1/317
f 610/1/317 606/1/315 605/1/83 609/1/79
f 460/1/220 459/1/223 604/1/389 608/1/316
f 608/1/316 604/1/389 603/1/385 607/1/81
f 473/1/178 472/1/182 602/1/313 606/1/315
f 606/1/315 602/1/313 601/1/87 605/1/83
f 459/1/223 458/1/131 600/1/312 604/1/389
f 604/1/389 600/1/312 599/1/89 603/1/385
f 472/1/182 471/1/186 598/1/311 602/1/313
f 602/1/313 598/1/311 597/1/91 601/1/87
f 458/1/131 457/1/130 596/1/310 600/1/312
f 600/1/312 596/1/310 595/1/93 599/1/89
f 471/1/186 470/1/190 594/1/309 598/1/311
f 598/1/311 594/1/309 593/1/95 597/1/91
f 457/1/130 456/1/136 592/1/308 596/1/310
f 596/1/310 592/1/308 591/1/97 595/1/93
f 470/1/190 469/1/193 590/1/307 594/1/309
f 594/1/309 590/1/307 589/1/99 593/1/95
f 456/1/136 455/1/139 588/1/306 592/1/308
f 592/1/308 588/1/306 587/1/101 591/1/97
f 469/1/193 468/1/196 584/1/305 590/1/307
f 590/1/307 584/1/305 583/1/103 589/1/99
f 455/1/139 454/1/142 585/1/303 588/1/306
f 588/1/306 585/1/303 586/1/105 587/1/101
f 468/1/196 467/1/199 581/1/302 584/1/305
f 584/1/305 581/1/302 582/1/107 583/1/103
f 449/1/145 480/1/144 577/1/301 580/1/304
f 580/1/304 577/1/301 578/1/109 579/1/65
f 434/1/50 435/1/44 644/1/325 703/1/324
f 703/1/324 644/1/325 643/1/215 704/1/218
f 433/1/56 434/1/50 703/1/324 701/1/323
f 701/1/323 703/1/324 704/1/218 702/1/221
f 432/1/62 433/1/56 701/1/323 699/1/321
f 699/1/321 701/1/323 702/1/221 700/1/224
f 431/1/7 432/1/62 699/1/321 697/1/322
f 697/1/322 699/1/321 700/1/224 698/1/133
f 430/1/8 431/1/7 697/1/322 695/1/352
f 695/1/352 697/1/322 698/1/133 696/1/134
f 429/1/14 430/1/8 695/1/352 693/1/351
f 693/1/351 695/1/352 696/1/134 694/1/137
f 428/1/18 429/1/14 693/1/351 691/1/350
f 691/1/350 693/1/351 694/1/137 692/1/140
f 427/1/22 428/1/18 691/1/350 689/1/349
f 689/1/349 691/1/350 692/1/140 690/1/147
f 426/1/26 427/1/22 689/1/349 687/1/348
f 687/1/348 689/1/349 690/1/147 688/1/152
f 425/1/30 426/1/26 687/1/348 685/1/347
f 685/1/347 687/1/348 688/1/152 686/1/157
f 424/1/34 425/1/30 685/1/347 683/1/346
f 683/1/346 685/1/347 686/1/157 684/1/162
f 423/1/38 424/1/34 683/1/346 681/1/345
f 681/1/345 683/1/346 684/1/162 682/1/167
f 422/1/42 423/1/38 681/1/345 679/1/344
f 679/1/344 681/1/345 682/1/167 680/1/170
f 448/1/46 417/1/4 664/1/336 677/1/343
f 677/1/343 664/1/336 663/1/171 678/1/172
f 421/1/48 422/1/42 679/1/344 675/1/342
f 675/1/342 679/1/344 680/1/170 676/1/175
f 447/1/52 448/1/46 677/1/343 673/1/341
f 673/1/341 677/1/343 678/1/172 674/1/176
f 420/1/54 421/1/48 675/1/342 671/1/340
f 671/1/340 675/1/342 676/1/175 672/1/179
f 446/1/58 447/1/52 673/1/341 669/1/339
f 669/1/339 673/1/341 674/1/176 670/1/180
f 419/1/60 420/1/54 671/1/340 667/1/338
f 667/1/338 671/1/340 672/1/179 668/1/183
f 445/1/64 446/1/58 669/1/339 665/1/337
f 665/1/337 669/1/339 670/1/180 666/1/184
f 418/1/3 419/1/60 667/1/338 661/1/335
f 661/1/335 667/1/338 668/1/183 662/1/187
f 444/1/11 445/1/64 665/1/337 659/1/334
f 659/1/334 665/1/337 666/1/184 660/1/188
f 417/1/4 418/1/3 661/1/335 664/1/336
f 664/1/336 661/1/335 662/1/187 663/1/171
f 443/1/12 444/1/11 659/1/334 657/1/333
f 657/1/333 659/1/334 660/1/188 658/1/191
f 442/1/16 443/1/12 657/1/333 655/1/332
f 655/1/332 657/1/333 658/1/191 656/1/194
f 441/1/20 442/1/16 655/1/332 653/1/331
f 653/1/331 655/1/332 656/1/194 654/1/197
f 440/1/24 441/1/20 653/1/331 651/1/330
f 651/1/330 653/1/331 654/1/197 652/1/200
f 439/1/28 440/1/24 651/1/330 649/1/329
f 649/1/329 651/1/330 652/1/200 650/1/203
f 438/1/32 439/1/28 649/1/329 647/1/328
f 647/1/328 649/1/329 650/1/203 648/1/206
f 437/1/36 438/1/32 647/1/328 645/1/327
f 645/1/327 647/1/328 648/1/206 646/1/209
f 436/1/40 437/1/36 645/1/327 641/1/326
f 641/1/326 645/1/327 646/1/209 642/1/212
f 435/1/44 436/1/40 641/1/326 644/1/325
f 644/1/325 641/1/326 642/1/212 643/1/215
f 408/1/273 407/1/269 768/1/366 705/1/367
f 705/1/367 768/1/366 767/1/185 706/1/181
f 407/1/269 406/1/265 766/1/365 768/1/366
f 768/1/366 766/1/365 765/1/189 767/1/185
f 406/1/265 405/1/261 764/1/364 766/1/365
f 766/1/365 764/1/364 763/1/192 765/1/189
f 405/1/261 404/1/257 762/1/363 764/1/364
f 764/1/364 762/1/363 761/1/195 763/1/192
f 404/1/257 403/1/251 760/1/362 762/1/363
f 762/1/363 760/1/362 759/1/388 761/1/195
f 403/1/251 402/1/245 758/1/361 760/1/362
f 760/1/362 758/1/361 757/1/201 759/1/388
f 402/1/245 401/1/239 756/1/360 758/1/361
f 758/1/361 756/1/360 755/1/204 757/1/201
f 401/1/239 400/1/230 754/1/359 756/1/360
f 756/1/360 754/1/359 753/1/207 755/1/204
f 400/1/230 399/1/229 752/1/358 754/1/359
f 754/1/359 752/1/358 751/1/210 753/1/207
f 399/1/229 398/1/287 750/1/357 752/1/358
f 752/1/358 750/1/357 749/1/213 751/1/210
f 398/1/287 397/1/283 748/1/356 750/1/357
f 750/1/357 748/1/356 747/1/216 749/1/213
f 397/1/283 396/1/279 746/1/355 748/1/356
f 748/1/356 746/1/355 745/1/219 747/1/216
f 396/1/279 395/1/275 744/1/354 746/1/355
f 746/1/355 744/1/354 743/1/222 745/1/219
f 395/1/275 394/1/271 742/1/353 744/1/354
f 744/1/354 742/1/353 741/1/132 743/1/222
f 394/1/271 393/1/267 740/1/384 742/1/353
f 742/1/353 740/1/384 739/1/129 741/1/132
f 393/1/267 392/1/263 738/1/383 740/1/384
f 740/1/384 738/1/383 737/1/135 739/1/129
f 392/1/263 391/1/259 736/1/382 738/1/383
f 738/1/383 736/1/382 735/1/138 737/1/135
f 391/1/259 390/1/253 734/1/381 736/1/382
f 736/1/382 734/1/381 733/1/141 735/1/138
f 385/1/255 416/1/249 732/1/380 715/1/372
f 715/1/372 732/1/380 731/1/143 716/1/146
f 390/1/253 389/1/247 730/1/379 734/1/381
f 734/1/381 730/1/379 729/1/148 733/1/141
f 416/1/249 415/1/243 728/1/378 732/1/380
f 732/1/380 728/1/378 727/1/150 731/1/143
f 389/1/247 388/1/241 726/1/377 730/1/379
f 730/1/379 726/1/377 725/1/153 729/1/148
f 415/1/243 414/1/237 724/1/376 728/1/378
f 728/1/378 724/1/376 723/1/155 727/1/150
f 388/1/241 387/1/234 722/1/375 726/1/377
f 726/1/377 722/1/375 721/1/158 725/1/153
f 414/1/237 413/1/226 720/1/374 724/1/376
f 724/1/376 720/1/374 719/1/160 723/1/155
f 387/1/234 386/1/233 718/1/373 722/1/375
f 722/1/375 718/1/373 717/1/163 721/1/158
f 413/1/226 412/1/225 714/1/371 720/1/374
f 720/1/374 714/1/371 713/1/165 719/1/160
f 386/1/233 385/1/255 715/1/372 718/1/373
f 718/1/373 715/1/372 716/1/146 717/1/163
f 412/1/225 411/1/285 712/1/370 714/1/371
f 714/1/371 712/1/370 711/1/387 713/1/165
f 411/1/285 410/1/281 710/1/369 712/1/370
f 712/1/370 710/1/369 709/1/173 711/1/387
f 410/1/281 409/1/277 708/1/368 710/1/369
f 710/1/369 708/1/368 707/1/177 709/1/173
f 409/1/277 408/1/273 705/1/367 708/1/368
f 708/1/368 705/1/367 706/1/181 707/1/177
o Bomber_Wheel_Rubber_Right
v 0.671936 -1.447182 0.748945
v 0.729079 -1.430909 0.748945
v 0.788299 -1.426097 0.748945
v 0.847320 -1.432931 0.748945
v 0.903874 -1.451148 0.748945
v 0.955787 -1.480048 0.748945
v 1.001064 -1.518521 0.748945
v 1.037966 -1.565087 0.748945
v 1.065074 -1.617958 0.748945
v 1.081347 -1.675102 0.748945
v 1.086159 -1.734322 0.748945
v 1.079325 -1.793343 0.748945
v 1.061108 -1.849897 0.748945
v 1.032208 -1.901810 0.748945
v 0.993735 -1.947087 0.748945
v 0.947169 -1.983989 0.748945
v 0.894298 -2.011097 0.748945
v 0.837155 -2.027369 0.748945
v 0.777934 -2.032182 0.748945
v 0.718913 -2.025347 0.748945
v 0.662360 -2.007131 0.748945
v 0.610447 -1.978230 0.748945
v 0.565169 -1.939758 0.748946
v 0.528267 -1.893191 0.748946
v 0.501159 -1.840321 0.748946
v 0.484887 -1.783177 0.748946
v 0.480075 -1.723957 0.748946
v 0.486909 -1.664936 0.748946
v 0.505126 -1.608382 0.748946
v 0.534026 -1.556469 0.748946
v 0.572498 -1.511192 0.748945
v 0.619065 -1.474290 0.748945
v 0.671936 -1.447182 0.952726
v 0.729079 -1.430909 0.952726
v 0.788299 -1.426097 0.952726
v 0.847320 -1.432931 0.952726
v 0.903874 -1.451148 0.952726
v 0.955787 -1.480048 0.952726
v 1.001065 -1.518521 0.952726
v 1.037966 -1.565087 0.952726
v 1.065074 -1.617958 0.952726
v 1.081347 -1.675102 0.952726
v 1.086159 -1.734322 0.952726
v 1.079325 -1.793343 0.952726
v 1.061108 -1.849897 0.952726
v 1.032208 -1.901810 0.952726
v 0.993735 -1.947087 0.952726
v 0.947169 -1.983989 0.952726
v 0.894298 -2.011097 0.952726
v 0.837155 -2.027369 0.952726
v 0.777934 -2.032181 0.952726
v 0.718914 -2.025347 0.952726
v 0.662360 -2.007131 0.952726
v 0.610447 -1.978230 0.952726
v 0.565169 -1.939758 0.952726
v 0.528268 -1.893191 0.952726
v 0.501159 -1.840321 0.952726
v 0.484887 -1.783177 0.952726
v 0.480075 -1.723957 0.952726
v 0.486909 -1.664936 0.952726
v 0.505126 -1.608382 0.952726
v 0.534026 -1.556469 0.952726
v 0.572498 -1.511192 0.952726
v 0.619065 -1.474290 0.952726
v 0.721759 -1.573534 0.739614
v 0.753295 -1.564554 0.739614
v 0.785977 -1.561898 0.739614
v 0.818549 -1.565670 0.739614
v 0.849760 -1.575723 0.739614
v 0.878409 -1.591672 0.739614
v 0.903397 -1.612904 0.739614
v 0.923762 -1.638603 0.739614
v 0.938722 -1.667781 0.739614
v 0.947703 -1.699317 0.739614
v 0.950358 -1.731999 0.739614
v 0.946587 -1.764572 0.739614
v 0.936533 -1.795782 0.739614
v 0.920584 -1.824432 0.739614
v 0.899352 -1.849419 0.739614
v 0.873653 -1.869784 0.739614
v 0.844475 -1.884745 0.739614
v 0.812939 -1.893725 0.739614
v 0.780257 -1.896381 0.739614
v 0.747685 -1.892609 0.739614
v 0.716474 -1.882556 0.739614
v 0.687825 -1.866606 0.739614
v 0.662837 -1.845375 0.739614
v 0.642472 -1.819676 0.739614
v 0.627512 -1.790498 0.739614
v 0.618531 -1.758962 0.739614
v 0.615876 -1.726279 0.739614
v 0.619647 -1.693707 0.739614
v 0.629701 -1.662497 0.739614
v 0.645650 -1.633847 0.739614
v 0.666882 -1.608860 0.739614
v 0.692581 -1.588495 0.739614
v 0.721759 -1.573534 0.962057
v 0.753295 -1.564554 0.962057
v 0.785977 -1.561898 0.962058
v 0.818549 -1.565670 0.962057
v 0.849760 -1.575723 0.962057
v 0.878409 -1.591672 0.962057
v 0.903397 -1.612904 0.962057
v 0.923762 -1.638603 0.962057
v 0.938722 -1.667781 0.962057
v 0.947703 -1.699317 0.962057
v 0.950358 -1.731999 0.962057
v 0.946587 -1.764572 0.962057
v 0.936533 -1.795782 0.962057
v 0.920584 -1.824432 0.962057
v 0.899352 -1.849419 0.962057
v 0.873653 -1.869784 0.962057
v 0.844475 -1.884745 0.962057
v 0.812939 -1.893725 0.962057
v 0.780257 -1.896381 0.962058
v 0.747685 -1.892609 0.962057
v 0.716474 -1.882556 0.962058
v 0.687825 -1.866606 0.962058
v 0.662837 -1.845374 0.962058
v 0.642472 -1.819676 0.962058
v 0.627512 -1.790498 0.962058
v 0.618531 -1.758961 0.962058
v 0.615876 -1.726279 0.962058
v 0.619647 -1.693707 0.962058
v 0.629701 -1.662497 0.962058
v 0.645650 -1.633847 0.962058
v 0.666882 -1.608860 0.962058
v 0.692581 -1.588494 0.962058
v 0.596828 -1.439746 0.810255
v 0.596828 -1.439746 0.891417
v 0.656865 -1.408963 0.891417
v 0.656865 -1.408963 0.810255
v 0.777232 -2.073258 0.810255
v 0.777232 -2.073258 0.891417
v 0.710211 -2.065497 0.891417
v 0.710211 -2.065498 0.810255
v 0.979192 -1.446285 0.810255
v 0.979192 -1.446285 0.891417
v 1.030607 -1.489972 0.891417
v 1.030607 -1.489972 0.810255
v 0.645992 -2.044811 0.891417
v 0.645992 -2.044811 0.810255
v 1.072510 -1.542850 0.891416
v 1.072510 -1.542850 0.810255
v 0.587042 -2.011994 0.891417
v 0.587042 -2.011994 0.810255
v 1.103293 -1.602888 0.891416
v 1.103293 -1.602888 0.810255
v 0.535627 -1.968307 0.891417
v 0.535627 -1.968307 0.810255
v 1.121771 -1.667777 0.891416
v 1.121771 -1.667777 0.810255
v 0.493723 -1.915428 0.891417
v 0.493723 -1.915428 0.810255
v 1.127235 -1.735024 0.891416
v 1.127235 -1.735024 0.810255
v 0.462941 -1.855391 0.891417
v 0.462941 -1.855391 0.810255
v 1.119475 -1.802045 0.891416
v 1.119475 -1.802045 0.810255
v 0.444463 -1.790502 0.891417
v 0.444463 -1.790502 0.810255
v 1.098789 -1.866265 0.891416
v 1.098789 -1.866265 0.810255
v 0.438999 -1.723254 0.891417
v 0.438998 -1.723254 0.810255
v 1.065971 -1.925214 0.891417
v 1.065971 -1.925214 0.810255
v 0.446759 -1.656233 0.891417
v 0.446759 -1.656233 0.810255
v 1.022284 -1.976629 0.891417
v 1.022284 -1.976629 0.810255
v 0.721755 -1.390485 0.891417
v 0.721755 -1.390485 0.810255
v 0.467445 -1.592014 0.891417
v 0.467445 -1.592014 0.810255
v 0.969406 -2.018533 0.891417
v 0.969406 -2.018533 0.810255
v 0.789002 -1.385021 0.891417
v 0.789002 -1.385021 0.810255
v 0.500262 -1.533064 0.891417
v 0.500262 -1.533064 0.810255
v 0.909368 -2.049315 0.891417
v 0.909368 -2.049315 0.810255
v 0.856023 -1.392781 0.891417
v 0.856023 -1.392781 0.810255
v 0.543950 -1.481650 0.891417
v 0.543950 -1.481650 0.810255
v 0.844479 -2.067794 0.891417
v 0.844479 -2.067794 0.810255
v 0.920242 -1.413468 0.891417
v 0.920242 -1.413468 0.810255
v 0.700478 -1.600762 0.793865
v 0.700478 -1.600762 0.907807
v 0.727111 -1.587107 0.907807
v 0.727111 -1.587107 0.793865
v 0.780506 -1.881793 0.793865
v 0.780506 -1.881793 0.907806
v 0.750775 -1.878350 0.907806
v 0.750775 -1.878350 0.793865
v 0.870097 -1.603663 0.793865
v 0.870097 -1.603663 0.907806
v 0.892905 -1.623043 0.907806
v 0.892905 -1.623043 0.793865
v 0.722287 -1.869174 0.907806
v 0.722287 -1.869174 0.793865
v 0.911494 -1.646500 0.907806
v 0.911494 -1.646500 0.793865
v 0.696137 -1.854616 0.907807
v 0.696137 -1.854616 0.793865
v 0.925149 -1.673133 0.907806
v 0.925149 -1.673133 0.793865
v 0.673329 -1.835236 0.907807
v 0.673329 -1.835236 0.793865
v 0.933346 -1.701919 0.907806
v 0.933346 -1.701919 0.793865
v 0.654740 -1.811778 0.907807
v 0.654740 -1.811778 0.793865
v 0.935770 -1.731750 0.907806
v 0.935770 -1.731750 0.793865
v 0.641085 -1.785146 0.907807
v 0.641085 -1.785146 0.793865
v 0.932328 -1.761481 0.907806
v 0.932328 -1.761481 0.793865
v 0.632888 -1.756360 0.907807
v 0.632887 -1.756360 0.793865
v 0.923151 -1.789969 0.907806
v 0.923151 -1.789969 0.793865
v 0.630464 -1.726529 0.907807
v 0.630464 -1.726529 0.793865
v 0.908593 -1.816120 0.907806
v 0.908593 -1.816120 0.793865
v 0.633906 -1.696798 0.907807
v 0.633906 -1.696798 0.793865
v 0.889213 -1.838928 0.907806
v 0.889213 -1.838928 0.793865
v 0.755896 -1.578910 0.907806
v 0.755896 -1.578910 0.793865
v 0.643083 -1.668310 0.907807
v 0.643083 -1.668310 0.793865
v 0.865756 -1.857516 0.907806
v 0.865756 -1.857516 0.793865
v 0.785728 -1.576486 0.907806
v 0.785727 -1.576486 0.793865
v 0.657641 -1.642159 0.907807
v 0.657641 -1.642159 0.793865
v 0.839123 -1.871172 0.907806
v 0.839123 -1.871172 0.793865
v 0.815459 -1.579929 0.907806
v 0.815458 -1.579929 0.793865
v 0.677021 -1.619351 0.907807
v 0.677021 -1.619351 0.793865
v 0.810338 -1.879369 0.907806
v 0.810338 -1.879369 0.793865
v 0.843947 -1.589105 0.907806
v 0.843947 -1.589105 0.793865
v 0.727063 -1.987747 0.979182
v 0.736991 -1.941948 0.984055
v 0.779394 -1.946858 0.984055
v 0.778592 -1.993714 0.979182
v 0.677689 -1.971843 0.979182
v 0.696360 -1.928860 0.984055
v 0.632365 -1.946611 0.979182
v 0.659063 -1.908097 0.984056
v 0.592835 -1.913022 0.979182
v 0.626534 -1.880457 0.984056
v 0.560618 -1.872367 0.979182
v 0.600022 -1.847001 0.984056
v 0.536951 -1.826207 0.979182
v 0.580547 -1.809017 0.984056
v 0.522744 -1.776318 0.979182
v 0.568856 -1.767962 0.984056
v 0.518543 -1.724615 0.979182
v 0.565399 -1.725416 0.984056
v 0.524509 -1.673086 0.979182
v 0.570308 -1.683013 0.984056
v 0.735939 -1.468766 0.979182
v 0.744294 -1.514878 0.984055
v 0.703240 -1.526569 0.984055
v 0.686049 -1.482973 0.979182
v 0.540414 -1.623711 0.979182
v 0.583396 -1.642382 0.984056
v 0.787642 -1.464565 0.979182
v 0.786840 -1.511421 0.984055
v 0.565645 -1.578388 0.979182
v 0.604159 -1.605086 0.984056
v 0.839170 -1.470532 0.979182
v 0.829243 -1.516331 0.984055
v 0.599234 -1.538858 0.979182
v 0.631800 -1.572556 0.984056
v 0.888545 -1.486436 0.979182
v 0.869874 -1.529419 0.984055
v 0.639889 -1.506640 0.979182
v 0.665255 -1.546045 0.984056
v 0.933869 -1.511668 0.979182
v 0.907171 -1.550182 0.984055
v 0.973399 -1.545256 0.979182
v 0.939700 -1.577822 0.984055
v 1.005616 -1.585912 0.979182
v 0.966212 -1.611277 0.984055
v 1.029283 -1.632071 0.979182
v 0.985687 -1.649262 0.984055
v 1.043490 -1.681961 0.979182
v 0.997378 -1.690316 0.984055
v 1.047691 -1.733664 0.979182
v 1.000835 -1.732863 0.984055
v 1.041725 -1.785193 0.979182
v 0.995925 -1.775266 0.984055
v 1.025820 -1.834568 0.979182
v 0.982838 -1.815897 0.984055
v 1.000589 -1.879891 0.979182
v 0.962075 -1.853193 0.984055
v 0.967000 -1.919421 0.979182
v 0.934434 -1.885722 0.984055
v 0.926345 -1.951639 0.979182
v 0.900979 -1.912234 0.984055
v 0.880185 -1.975306 0.979182
v 0.862994 -1.931710 0.984055
v 0.830295 -1.989513 0.979182
v 0.821940 -1.943401 0.984055
v 0.560618 -1.872367 0.722490
v 0.600022 -1.847001 0.717616
v 0.580546 -1.809017 0.717616
v 0.536951 -1.826207 0.722490
v 0.568856 -1.767962 0.717616
v 0.522744 -1.776318 0.722490
v 0.565399 -1.725416 0.717616
v 0.518543 -1.724615 0.722490
v 0.570308 -1.683013 0.717616
v 0.524509 -1.673086 0.722490
v 0.686049 -1.482973 0.722490
v 0.703240 -1.526569 0.717616
v 0.744294 -1.514878 0.717616
v 0.735939 -1.468766 0.722490
v 0.583396 -1.642382 0.717616
v 0.540414 -1.623711 0.722490
v 0.786840 -1.511421 0.717616
v 0.787641 -1.464565 0.722490
v 0.604159 -1.605086 0.717616
v 0.565645 -1.578388 0.722490
v 0.829243 -1.516331 0.717616
v 0.839170 -1.470532 0.722490
v 0.631800 -1.572557 0.717616
v 0.599234 -1.538858 0.722490
v 0.869874 -1.529419 0.717616
v 0.888545 -1.486436 0.722490
v 0.665255 -1.546045 0.717616
v 0.639889 -1.506640 0.722490
v 0.907170 -1.550182 0.717616
v 0.933868 -1.511668 0.722490
v 0.939700 -1.577822 0.717616
v 0.973398 -1.545257 0.722489
v 0.966212 -1.611277 0.717616
v 1.005616 -1.585912 0.722489
v 0.985687 -1.649262 0.717616
v 1.029283 -1.632071 0.722489
v 0.997378 -1.690316 0.717616
v 1.043490 -1.681961 0.722489
v 1.000835 -1.732863 0.717616
v 1.047691 -1.733664 0.722489
v 0.995925 -1.775266 0.717616
v 1.041725 -1.785193 0.722489
v 0.982837 -1.815897 0.717616
v 1.025820 -1.834568 0.722489
v 0.962074 -1.853193 0.717616
v 1.000589 -1.879891 0.722489
v 0.934434 -1.885722 0.717616
v 0.967000 -1.919421 0.722489
v 0.900979 -1.912234 0.717616
v 0.926344 -1.951639 0.722489
v 0.862994 -1.931710 0.717616
v 0.880185 -1.975306 0.722490
v 0.821940 -1.943401 0.717616
v 0.830295 -1.989513 0.722490
v 0.779394 -1.946858 0.717616
v 0.778592 -1.993714 0.722490
v 0.736990 -1.941948 0.717616
v 0.727063 -1.987747 0.722490
v 0.696360 -1.928860 0.717616
v 0.677688 -1.971843 0.722490
v 0.659063 -1.908097 0.717616
v 0.632365 -1.946611 0.722490
v 0.626534 -1.880457 0.717616
v 0.592835 -1.913022 0.722490
v 0.671936 -1.447182 0.345445
v 0.619065 -1.474290 0.345445
v 0.572499 -1.511192 0.345445
v 0.534026 -1.556469 0.345445
v 0.505126 -1.608382 0.345445
v 0.486909 -1.664936 0.345445
v 0.480075 -1.723957 0.345445
v 0.484887 -1.783177 0.345445
v 0.501160 -1.840320 0.345445
v 0.528268 -1.893191 0.345445
v 0.565170 -1.939758 0.345445
v 0.610447 -1.978230 0.345445
v 0.662360 -2.007130 0.345445
v 0.718914 -2.025347 0.345445
v 0.777935 -2.032181 0.345445
v 0.837155 -2.027369 0.345445
v 0.894298 -2.011097 0.345445
v 0.947169 -1.983989 0.345445
v 0.993736 -1.947087 0.345445
v 1.032208 -1.901809 0.345445
v 1.061108 -1.849896 0.345445
v 1.079325 -1.793343 0.345445
v 1.086159 -1.734322 0.345445
v 1.081347 -1.675102 0.345445
v 1.065075 -1.617958 0.345445
v 1.037966 -1.565087 0.345445
v 1.001065 -1.518521 0.345445
v 0.955787 -1.480048 0.345445
v 0.903874 -1.451148 0.345445
v 0.847320 -1.432931 0.345445
v 0.788300 -1.426097 0.345445
v 0.729079 -1.430909 0.345445
v 0.671936 -1.447182 0.549226
v 0.619065 -1.474290 0.549226
v 0.572499 -1.511192 0.549226
v 0.534026 -1.556469 0.549226
v 0.505126 -1.608382 0.549226
v 0.486909 -1.664936 0.549226
v 0.480075 -1.723957 0.549226
v 0.484887 -1.783177 0.549226
v 0.501160 -1.840320 0.549226
v 0.528268 -1.893191 0.549226
v 0.565170 -1.939758 0.549226
v 0.610447 -1.978230 0.549226
v 0.662360 -2.007130 0.549226
v 0.718914 -2.025347 0.549226
v 0.777935 -2.032181 0.549226
v 0.837155 -2.027369 0.549226
v 0.894298 -2.011097 0.549226
v 0.947169 -1.983989 0.549226
v 0.993736 -1.947087 0.549225
v 1.032208 -1.901809 0.549225
v 1.061108 -1.849896 0.549225
v 1.079325 -1.793343 0.549225
v 1.086159 -1.734322 0.549225
v 1.081347 -1.675102 0.549225
v 1.065075 -1.617958 0.549225
v 1.037967 -1.565087 0.549225
v 1.001065 -1.518521 0.549225
v 0.955787 -1.480048 0.549225
v 0.903874 -1.451148 0.549226
v 0.847321 -1.432931 0.549226
v 0.788300 -1.426097 0.549226
v 0.729079 -1.430909 0.549226
v 0.721759 -1.573534 0.336114
v 0.692581 -1.588494 0.336114
v 0.666882 -1.608860 0.336114
v 0.645650 -1.633847 0.336114
v 0.629701 -1.662496 0.336114
v 0.619647 -1.693707 0.336114
v 0.615876 -1.726279 0.336114
v 0.618531 -1.758961 0.336114
v 0.627512 -1.790497 0.336114
v 0.642472 -1.819676 0.336114
v 0.662837 -1.845374 0.336114
v 0.687825 -1.866606 0.336114
v 0.716474 -1.882556 0.336114
v 0.747685 -1.892609 0.336114
v 0.780257 -1.896381 0.336114
v 0.812939 -1.893725 0.336114
v 0.844475 -1.884745 0.336114
v 0.873653 -1.869784 0.336114
v 0.899352 -1.849419 0.336114
v 0.920584 -1.824432 0.336114
v 0.936533 -1.795782 0.336113
v 0.946587 -1.764572 0.336113
v 0.950358 -1.731999 0.336113
v 0.947703 -1.699317 0.336113
v 0.938722 -1.667781 0.336113
v 0.923762 -1.638603 0.336113
v 0.903397 -1.612904 0.336113
v 0.878409 -1.591672 0.336114
v 0.849760 -1.575723 0.336114
v 0.818549 -1.565670 0.336114
v 0.785977 -1.561898 0.336114
v 0.753295 -1.564554 0.336114
v 0.721759 -1.573534 0.558557
v 0.692581 -1.588494 0.558557
v 0.666882 -1.608860 0.558557
v 0.645650 -1.633847 0.558557
v 0.629701 -1.662496 0.558557
v 0.619648 -1.693707 0.558557
v 0.615876 -1.726279 0.558557
v 0.618531 -1.758961 0.558557
v 0.627512 -1.790497 0.558557
v 0.642472 -1.819676 0.558557
v 0.662837 -1.845374 0.558557
v 0.687825 -1.866606 0.558557
v 0.716474 -1.882555 0.558557
v 0.747685 -1.892609 0.558557
v 0.780257 -1.896380 0.558557
v 0.812939 -1.893725 0.558557
v 0.844475 -1.884745 0.558557
v 0.873653 -1.869784 0.558557
v 0.899352 -1.849419 0.558557
v 0.920584 -1.824432 0.558557
v 0.936533 -1.795782 0.558557
v 0.946587 -1.764572 0.558557
v 0.950358 -1.731999 0.558557
v 0.947703 -1.699317 0.558557
v 0.938722 -1.667781 0.558557
v 0.923762 -1.638603 0.558557
v 0.903397 -1.612904 0.558557
v 0.878410 -1.591672 0.558557
v 0.849760 -1.575723 0.558557
v 0.818549 -1.565670 0.558557
v 0.785977 -1.561898 0.558557
v 0.753295 -1.564554 0.558557
v 0.721755 -1.390485 0.406754
v 0.721755 -1.390485 0.487916
v 0.656866 -1.408963 0.487916
v 0.656866 -1.408963 0.406754
v 1.022284 -1.976629 0.406754
v 1.022284 -1.976629 0.487916
v 1.065972 -1.925214 0.487916
v 1.065972 -1.925214 0.406754
v 0.446759 -1.656233 0.406755
v 0.446759 -1.656233 0.487916
v 0.438999 -1.723254 0.487916
v 0.438999 -1.723254 0.406755
v 1.098789 -1.866265 0.487916
v 1.098789 -1.866265 0.406754
v 0.444463 -1.790502 0.487916
v 0.444463 -1.790502 0.406755
v 1.119475 -1.802045 0.487916
v 1.119475 -1.802045 0.406754
v 0.462941 -1.855391 0.487916
v 0.462941 -1.855391 0.406755
v 1.127236 -1.735024 0.487916
v 1.127236 -1.735024 0.406754
v 0.493724 -1.915428 0.487916
v 0.493724 -1.915428 0.406755
v 1.121771 -1.667777 0.487916
v 1.121771 -1.667777 0.406754
v 0.535627 -1.968306 0.487916
v 0.535627 -1.968306 0.406755
v 1.103293 -1.602888 0.487916
v 1.103293 -1.602888 0.406754
v 0.587042 -2.011994 0.487916
v 0.587042 -2.011994 0.406755
v 1.072511 -1.542850 0.487916
v 1.072511 -1.542850 0.406754
v 0.645992 -2.044811 0.487916
v 0.645992 -2.044811 0.406755
v 1.030607 -1.489972 0.487916
v 1.030607 -1.489972 0.406754
v 0.710211 -2.065497 0.487916
v 0.710211 -2.065497 0.406754
v 0.979192 -1.446285 0.487916
v 0.979192 -1.446285 0.406754
v 0.777232 -2.073257 0.487916
v 0.777232 -2.073258 0.406754
v 0.596828 -1.439746 0.487916
v 0.596828 -1.439746 0.406755
v 0.920242 -1.413467 0.487916
v 0.920242 -1.413467 0.406754
v 0.844480 -2.067794 0.487916
v 0.844480 -2.067794 0.406754
v 0.543950 -1.481650 0.487916
v 0.543950 -1.481650 0.406755
v 0.856023 -1.392781 0.487916
v 0.856023 -1.392781 0.406754
v 0.909369 -2.049315 0.487916
v 0.909369 -2.049315 0.406754
v 0.500263 -1.533064 0.487916
v 0.500263 -1.533064 0.406755
v 0.789002 -1.385021 0.487916
v 0.789002 -1.385021 0.406754
v 0.969406 -2.018533 0.487916
v 0.969406 -2.018533 0.406754
v 0.467445 -1.592014 0.487916
v 0.467445 -1.592014 0.406755
v 0.755896 -1.578910 0.390365
v 0.755896 -1.578910 0.504306
v 0.727111 -1.587107 0.504306
v 0.727111 -1.587107 0.390365
v 0.889213 -1.838928 0.390364
v 0.889213 -1.838927 0.504306
v 0.908593 -1.816120 0.504306
v 0.908593 -1.816120 0.390364
v 0.633906 -1.696798 0.390365
v 0.633906 -1.696798 0.504306
v 0.630464 -1.726529 0.504306
v 0.630464 -1.726529 0.390365
v 0.923151 -1.789969 0.504306
v 0.923151 -1.789969 0.390364
v 0.632888 -1.756360 0.504306
v 0.632888 -1.756360 0.390365
v 0.932328 -1.761481 0.504306
v 0.932328 -1.761481 0.390364
v 0.641085 -1.785145 0.504306
v 0.641085 -1.785145 0.390365
v 0.935771 -1.731750 0.504306
v 0.935770 -1.731750 0.390364
v 0.654740 -1.811778 0.504306
v 0.654740 -1.811778 0.390365
v 0.933347 -1.701918 0.504306
v 0.933347 -1.701918 0.390364
v 0.673329 -1.835235 0.504306
v 0.673329 -1.835235 0.390365
v 0.925150 -1.673133 0.504306
v 0.925149 -1.673133 0.390364
v 0.696137 -1.854615 0.504306
v 0.696137 -1.854616 0.390365
v 0.911494 -1.646500 0.504306
v 0.911494 -1.646500 0.390364
v 0.722287 -1.869174 0.504306
v 0.722287 -1.869174 0.390364
v 0.892905 -1.623043 0.504306
v 0.892905 -1.623043 0.390364
v 0.750776 -1.878350 0.504306
v 0.750776 -1.878350 0.390364
v 0.870097 -1.603663 0.504306
v 0.870097 -1.603663 0.390364
v 0.780507 -1.881793 0.504306
v 0.780507 -1.881793 0.390364
v 0.700478 -1.600762 0.504306
v 0.700478 -1.600762 0.390365
v 0.843947 -1.589105 0.504306
v 0.843947 -1.589105 0.390364
v 0.810338 -1.879369 0.504306
v 0.810338 -1.879369 0.390364
v 0.677021 -1.619351 0.504306
v 0.677021 -1.619351 0.390365
v 0.815459 -1.579928 0.504306
v 0.815459 -1.579929 0.390364
v 0.839123 -1.871172 0.504306
v 0.839123 -1.871172 0.390364
v 0.657641 -1.642159 0.504306
v 0.657641 -1.642159 0.390365
v 0.785728 -1.576486 0.504306
v 0.785728 -1.576486 0.390364
v 0.865756 -1.857516 0.504306
v 0.865756 -1.857516 0.390364
v 0.643083 -1.668310 0.504306
v 0.643083 -1.668310 0.390365
v 1.000589 -1.879891 0.575681
v 0.962075 -1.853193 0.580555
v 0.934435 -1.885722 0.580555
v 0.967000 -1.919421 0.575681
v 1.025820 -1.834568 0.575681
v 0.982838 -1.815896 0.580555
v 1.041725 -1.785193 0.575681
v 0.995926 -1.775266 0.580555
v 1.047691 -1.733664 0.575681
v 1.000835 -1.732863 0.580555
v 1.043490 -1.681961 0.575681
v 0.997378 -1.690316 0.580555
v 1.029283 -1.632071 0.575681
v 0.985688 -1.649262 0.580555
v 1.005616 -1.585912 0.575681
v 0.966212 -1.611277 0.580555
v 0.973399 -1.545256 0.575681
v 0.939700 -1.577822 0.580555
v 0.933869 -1.511667 0.575681
v 0.907171 -1.550182 0.580555
v 0.639890 -1.506640 0.575682
v 0.665255 -1.546045 0.580555
v 0.703240 -1.526569 0.580555
v 0.686049 -1.482973 0.575681
v 0.888546 -1.486436 0.575681
v 0.869874 -1.529419 0.580555
v 0.599234 -1.538858 0.575682
v 0.631800 -1.572556 0.580555
v 0.839171 -1.470531 0.575681
v 0.829244 -1.516331 0.580555
v 0.565645 -1.578388 0.575682
v 0.604160 -1.605086 0.580555
v 0.787642 -1.464565 0.575681
v 0.786840 -1.511421 0.580555
v 0.540414 -1.623711 0.575682
v 0.583397 -1.642382 0.580555
v 0.735939 -1.468766 0.575681
v 0.744294 -1.514878 0.580555
v 0.524509 -1.673086 0.575682
v 0.570309 -1.683013 0.580555
v 0.518543 -1.724615 0.575682
v 0.565399 -1.725416 0.580555
v 0.522744 -1.776317 0.575682
v 0.568856 -1.767962 0.580555
v 0.536951 -1.826207 0.575682
v 0.580547 -1.809017 0.580555
v 0.560618 -1.872367 0.575682
v 0.600022 -1.847001 0.580555
v 0.592836 -1.913022 0.575682
v 0.626534 -1.880457 0.580555
v 0.632366 -1.946611 0.575682
v 0.659064 -1.908097 0.580555
v 0.677689 -1.971843 0.575681
v 0.696360 -1.928860 0.580555
v 0.727064 -1.987747 0.575682
v 0.736991 -1.941948 0.580555
v 0.778593 -1.993713 0.575681
v 0.779394 -1.946858 0.580555
v 0.830295 -1.989512 0.575681
v 0.821940 -1.943401 0.580555
v 0.880185 -1.975305 0.575681
v 0.862995 -1.931710 0.580555
v 0.926345 -1.951638 0.575681
v 0.900979 -1.912234 0.580555
v 1.043490 -1.681961 0.318989
v 0.997378 -1.690316 0.314115
v 0.985687 -1.649262 0.314115
v 1.029283 -1.632071 0.318989
v 0.966212 -1.611277 0.314115
v 1.005616 -1.585912 0.318989
v 0.939700 -1.577822 0.314116
v 0.973399 -1.545256 0.318989
v 0.907171 -1.550182 0.314116
v 0.933869 -1.511668 0.318989
v 0.686049 -1.482973 0.318989
v 0.703240 -1.526569 0.314116
v 0.665255 -1.546045 0.314116
v 0.639890 -1.506640 0.318989
v 0.869874 -1.529419 0.314116
v 0.888545 -1.486436 0.318989
v 0.631800 -1.572556 0.314116
v 0.599234 -1.538858 0.318989
v 0.829244 -1.516331 0.314116
v 0.839171 -1.470531 0.318989
v 0.604159 -1.605086 0.314116
v 0.565645 -1.578388 0.318989
v 0.786840 -1.511421 0.314116
v 0.787642 -1.464565 0.318989
v 0.583396 -1.642382 0.314116
v 0.540414 -1.623711 0.318989
v 0.744294 -1.514878 0.314116
v 0.735939 -1.468766 0.318989
v 0.570309 -1.683013 0.314116
v 0.524509 -1.673086 0.318989
v 0.565399 -1.725416 0.314116
v 0.518543 -1.724615 0.318989
v 0.568856 -1.767962 0.314116
v 0.522744 -1.776317 0.318989
v 0.580547 -1.809017 0.314116
v 0.536951 -1.826207 0.318989
v 0.600022 -1.847001 0.314116
v 0.560618 -1.872367 0.318989
v 0.626534 -1.880457 0.314116
v 0.592835 -1.913022 0.318989
v 0.659063 -1.908097 0.314116
v 0.632365 -1.946611 0.318989
v 0.696360 -1.928860 0.314116
v 0.677689 -1.971843 0.318989
v 0.736991 -1.941948 0.314116
v 0.727064 -1.987747 0.318989
v 0.779394 -1.946858 0.314116
v 0.778593 -1.993713 0.318989
v 0.821940 -1.943401 0.314116
v 0.830295 -1.989512 0.318989
v 0.862994 -1.931710 0.314116
v 0.880185 -1.975305 0.318989
v 0.900979 -1.912234 0.314116
v 0.926345 -1.951638 0.318989
v 0.934434 -1.885722 0.314116
v 0.967000 -1.919421 0.318989
v 0.962075 -1.853193 0.314116
v 1.000589 -1.879891 0.318989
v 0.982838 -1.815896 0.314115
v 1.025820 -1.834568 0.318989
v 0.995926 -1.775266 0.314115
v 1.041725 -1.785193 0.318989
v 1.000835 -1.732863 0.314115
v 1.047691 -1.733664 0.318989
vn -0.3515 0.8914 0.2860
vn -0.5187 0.8057 0.2860
vn -0.3881 0.6029 0.6970
vn -0.2630 0.6671 0.6970
vn -0.2030 -0.9365 0.2860
vn -0.0164 -0.9581 0.2860
vn -0.0123 -0.7169 0.6970
vn -0.1519 -0.7008 0.6970
vn 0.6891 0.6659 0.2860
vn 0.5459 0.7875 0.2860
vn 0.4085 0.5893 0.6970
vn 0.5156 0.4983 0.6970
vn -0.3818 -0.8789 0.2860
vn -0.2857 -0.6577 0.6970
vn 0.8057 0.5187 0.2860
vn 0.6029 0.3881 0.6970
vn -0.5459 -0.7875 0.2860
vn -0.4085 -0.5893 0.6970
vn 0.8914 0.3515 0.2860
vn 0.6671 0.2630 0.6970
vn -0.6891 -0.6659 0.2860
vn -0.5156 -0.4983 0.6970
vn 0.9429 0.1708 0.2860
vn 0.7056 0.1278 0.6970
vn -0.8057 -0.5187 0.2860
vn -0.6029 -0.3881 0.6970
vn 0.9581 -0.0164 0.2860
vn 0.7169 -0.0123 0.6970
vn -0.8914 -0.3515 0.2860
vn -0.6671 -0.2630 0.6970
vn 0.9365 -0.2030 0.2860
vn 0.7008 -0.1519 0.6970
vn -0.9429 -0.1708 0.2860
vn -0.7056 -0.1278 0.6970
vn 0.8789 -0.3818 0.2860
vn 0.6577 -0.2857 0.6970
vn -0.9581 0.0164 0.2860
vn -0.7169 0.0123 0.6970
vn 0.7875 -0.5459 0.2860
vn 0.5893 -0.4085 0.6970
vn -0.9365 0.2030 0.2860
vn -0.7008 0.1519 0.6970
vn 0.6659 -0.6891 0.2860
vn 0.4983 -0.5156 0.6970
vn -0.1708 0.9429 0.2860
vn -0.1278 0.7056 0.6970
vn -0.8789 0.3818 0.2860
vn -0.6577 0.2857 0.6970
vn 0.5187 -0.8057 0.2860
vn 0.3881 -0.6029 0.6970
vn 0.0164 0.9581 0.2860
vn 0.0123 0.7169 0.6970
vn -0.7875 0.5459 0.2860
vn -0.5893 0.4085 0.6970
vn 0.3515 -0.8914 0.2860
vn 0.2630 -0.6671 0.6970
vn 0.2030 0.9365 0.2860
vn 0.1519 0.7008 0.6970
vn -0.6659 0.6891 0.2860
vn -0.4983 0.5156 0.6970
vn 0.1708 -0.9429 0.2860
vn 0.1278 -0.7056 0.6970
vn 0.3818 0.8789 0.2860
vn 0.2857 0.6577 0.6970
vn 0.3636 -0.9221 0.1321
vn 0.2735 -0.6935 0.6665
vn 0.4035 -0.6268 0.6665
vn 0.5365 -0.8335 0.1321
vn 0.2100 0.9687 0.1321
vn 0.1579 0.7286 0.6665
vn 0.0127 0.7454 0.6665
vn 0.0169 0.9911 0.1321
vn -0.7128 -0.6888 0.1321
vn -0.5361 -0.5181 0.6665
vn -0.4247 -0.6127 0.6665
vn -0.5647 -0.8147 0.1321
vn 0.3949 0.9092 0.1321
vn 0.2970 0.6838 0.6665
vn -0.8335 -0.5365 0.1321
vn -0.6268 -0.4035 0.6665
vn 0.5647 0.8147 0.1321
vn 0.4247 0.6127 0.6665
vn -0.9221 -0.3636 0.1321
vn -0.6935 -0.2735 0.6665
vn 0.7128 0.6888 0.1321
vn 0.5361 0.5181 0.6665
vn -0.9754 -0.1767 0.1321
vn -0.7336 -0.1329 0.6665
vn 0.8335 0.5365 0.1321
vn 0.6268 0.4035 0.6665
vn -0.9911 0.0170 0.1321
vn -0.7454 0.0127 0.6665
vn 0.9221 0.3636 0.1321
vn 0.6935 0.2735 0.6665
vn -0.9687 0.2100 0.1321
vn -0.7286 0.1579 0.6665
vn 0.9754 0.1767 0.1321
vn 0.7336 0.1329 0.6665
vn -0.9092 0.3949 0.1321
vn -0.6838 0.2970 0.6665
vn 0.9911 -0.0169 0.1321
vn 0.7454 -0.0127 0.6665
vn -0.8147 0.5647 0.1321
vn -0.6127 0.4247 0.6665
vn 0.9687 -0.2100 0.1321
vn 0.7286 -0.1579 0.6665
vn -0.6888 0.7128 0.1321
vn -0.5181 0.5361 0.6665
vn 0.1767 -0.9754 0.1321
vn 0.1329 -0.7336 0.6665
vn 0.9092 -0.3949 0.1321
vn 0.6838 -0.2970 0.6665
vn -0.5365 0.8335 0.1321
vn -0.4035 0.6268 0.6665
vn -0.0169 -0.9911 0.1321
vn -0.0127 -0.7454 0.6665
vn 0.8147 -0.5647 0.1321
vn 0.6127 -0.4247 0.6665
vn -0.3636 0.9221 0.1321
vn -0.2735 0.6935 0.6665
vn -0.2100 -0.9687 0.1321
vn -0.1579 -0.7286 0.6665
vn 0.6888 -0.7128 0.1321
vn 0.5181 -0.5361 0.6665
vn -0.1767 0.9754 0.1321
vn -0.1329 0.7336 0.6665
vn -0.3949 -0.9092 0.1321
vn -0.2970 -0.6838 0.6665
vn 0.1279 0.0504 -0.9905
vn 0.6935 0.2735 -0.6665
vn 0.6268 0.4035 -0.6665
vn 0.1156 0.0744 -0.9905
vn 0.0024 0.1374 0.9905
vn 0.0291 0.1343 0.9905
vn 0.1352 0.0245 -0.9905
vn 0.7336 0.1329 -0.6665
vn 0.0548 0.1261 0.9905
vn 0.1374 -0.0024 -0.9905
vn 0.7454 -0.0127 -0.6665
vn 0.0783 0.1130 0.9905
vn 0.1343 -0.0291 -0.9905
vn 0.7286 -0.1579 -0.6665
vn 0.0245 -0.1352 -0.9905
vn 0.1329 -0.7336 -0.6665
vn 0.2735 -0.6935 -0.6665
vn 0.0504 -0.1279 -0.9905
vn 0.0988 0.0955 0.9905
vn 0.1261 -0.0548 -0.9905
vn 0.6838 -0.2970 -0.6665
vn -0.0024 -0.1374 -0.9905
vn -0.0127 -0.7454 -0.6665
vn 0.1156 0.0744 0.9905
vn 0.1130 -0.0783 -0.9905
vn 0.6127 -0.4247 -0.6665
vn -0.0291 -0.1343 -0.9905
vn -0.1579 -0.7286 -0.6665
vn 0.1279 0.0504 0.9905
vn 0.0955 -0.0988 -0.9905
vn 0.5181 -0.5361 -0.6665
vn -0.0548 -0.1261 -0.9905
vn -0.2970 -0.6838 -0.6665
vn 0.1352 0.0245 0.9905
vn 0.0744 -0.1156 -0.9905
vn 0.4035 -0.6268 -0.6665
vn -0.0783 -0.1130 -0.9905
vn -0.4247 -0.6127 -0.6665
vn 0.1374 -0.0024 0.9905
vn -0.0988 -0.0955 -0.9905
vn -0.5361 -0.5181 -0.6665
vn 0.1343 -0.0291 0.9905
vn 0.0504 -0.1279 0.9905
vn 0.0245 -0.1352 0.9905
vn -0.1156 -0.0744 -0.9905
vn -0.6268 -0.4035 -0.6665
vn 0.1261 -0.0548 0.9905
vn -0.0023 -0.1374 0.9905
vn -0.1279 -0.0504 -0.9905
vn -0.6935 -0.2735 -0.6665
vn 0.1130 -0.0783 0.9905
vn -0.0291 -0.1343 0.9905
vn -0.1352 -0.0245 -0.9905
vn -0.7336 -0.1329 -0.6665
vn 0.0955 -0.0988 0.9905
vn -0.0548 -0.1261 0.9905
vn -0.1374 0.0024 -0.9905
vn -0.7454 0.0127 -0.6665
vn 0.0744 -0.1156 0.9905
vn -0.0783 -0.1130 0.9905
vn -0.1343 0.0291 -0.9905
vn -0.7286 0.1579 -0.6665
vn -0.0988 -0.0955 0.9905
vn -0.1261 0.0548 -0.9905
vn -0.6838 0.2970 -0.6665
vn -0.1156 -0.0744 0.9905
vn -0.1130 0.0783 -0.9905
vn -0.6127 0.4247 -0.6665
vn -0.1279 -0.0504 0.9905
vn -0.0955 0.0988 -0.9905
vn -0.5181 0.5361 -0.6665
vn -0.1352 -0.0245 0.9905
vn -0.0744 0.1156 -0.9905
vn -0.4035 0.6268 -0.6665
vn -0.1374 0.0024 0.9905
vn -0.0504 0.1279 -0.9905
vn -0.2735 0.6935 -0.6665
vn -0.1343 0.0291 0.9905
vn -0.0245 0.1352 -0.9905
vn -0.1329 0.7336 -0.6665
vn -0.1261 0.0548 0.9905
vn 0.0023 0.1374 -0.9905
vn 0.0127 0.7454 -0.6665
vn -0.1130 0.0783 0.9905
vn 0.0291 0.1343 -0.9905
vn 0.1579 0.7286 -0.6665
vn -0.0955 0.0988 0.9905
vn 0.0548 0.1261 -0.9905
vn 0.2970 0.6838 -0.6665
vn -0.0744 0.1156 0.9905
vn 0.0783 0.1130 -0.9905
vn 0.4247 0.6127 -0.6665
vn -0.0504 0.1279 0.9905
vn 0.0988 0.0955 -0.9905
vn 0.5361 0.5181 -0.6665
vn -0.0245 0.1352 0.9905
vn 0.4085 0.5893 -0.6970
vn 0.2857 0.6577 -0.6970
vn 0.3818 0.8789 -0.2860
vn 0.5459 0.7875 -0.2860
vn -0.0123 -0.7169 -0.6970
vn 0.1278 -0.7056 -0.6970
vn 0.1708 -0.9429 -0.2860
vn -0.0164 -0.9581 -0.2860
vn -0.3881 0.6029 -0.6970
vn -0.4983 0.5156 -0.6970
vn -0.6659 0.6891 -0.2860
vn -0.5187 0.8057 -0.2860
vn 0.1519 0.7008 -0.6970
vn 0.2030 0.9365 -0.2860
vn 0.2630 -0.6671 -0.6970
vn 0.3515 -0.8914 -0.2860
vn -0.5893 0.4085 -0.6970
vn -0.7875 0.5459 -0.2860
vn 0.0123 0.7169 -0.6970
vn 0.0164 0.9581 -0.2860
vn 0.3881 -0.6029 -0.6970
vn 0.5187 -0.8057 -0.2860
vn -0.6577 0.2857 -0.6970
vn -0.8789 0.3818 -0.2860
vn -0.1278 0.7056 -0.6970
vn -0.1708 0.9429 -0.2860
vn 0.4983 -0.5156 -0.6970
vn 0.6659 -0.6891 -0.2860
vn -0.7008 0.1519 -0.6970
vn -0.9365 0.2030 -0.2860
vn -0.2630 0.6671 -0.6970
vn -0.3515 0.8914 -0.2860
vn 0.5893 -0.4085 -0.6970
vn 0.7875 -0.5459 -0.2860
vn -0.7169 0.0123 -0.6970
vn -0.9581 0.0164 -0.2860
vn 0.6577 -0.2857 -0.6970
vn 0.8789 -0.3818 -0.2860
vn -0.7056 -0.1278 -0.6970
vn -0.9429 -0.1708 -0.2860
vn 0.7008 -0.1519 -0.6970
vn 0.9365 -0.2030 -0.2860
vn -0.6671 -0.2630 -0.6970
vn -0.8914 -0.3515 -0.2860
vn 0.7169 -0.0123 -0.6970
vn 0.9581 -0.0164 -0.2860
vn -0.6029 -0.3881 -0.6970
vn -0.8057 -0.5187 -0.2860
vn 0.7056 0.1278 -0.6970
vn 0.9429 0.1708 -0.2860
vn -0.5156 -0.4983 -0.6970
vn -0.6891 -0.6659 -0.2860
vn 0.6671 0.2630 -0.6970
vn 0.8914 0.3515 -0.2860
vn -0.4085 -0.5893 -0.6970
vn -0.5459 -0.7875 -0.2860
vn 0.6029 0.3881 -0.6970
vn 0.8057 0.5187 -0.2860
vn -0.2857 -0.6577 -0.6970
vn -0.3818 -0.8789 -0.2860
vn 0.5156 0.4983 -0.6970
vn 0.6891 0.6659 -0.2860
vn -0.1519 -0.7008 -0.6970
vn -0.2030 -0.9365 -0.2860
vn -0.5647 -0.8147 -0.1321
vn -0.3949 -0.9092 -0.1321
vn 0.0169 0.9911 -0.1321
vn -0.1767 0.9754 -0.1321
vn 0.5365 -0.8335 -0.1321
vn 0.6888 -0.7128 -0.1321
vn -0.2100 -0.9687 -0.1321
vn -0.3636 0.9221 -0.1321
vn 0.8147 -0.5647 -0.1321
vn -0.0169 -0.9911 -0.1321
vn -0.5365 0.8335 -0.1321
vn 0.9092 -0.3949 -0.1321
vn 0.1767 -0.9754 -0.1321
vn -0.6888 0.7128 -0.1321
vn 0.9687 -0.2100 -0.1321
vn 0.3636 -0.9221 -0.1321
vn -0.8147 0.5647 -0.1321
vn 0.9911 -0.0169 -0.1321
vn -0.9092 0.3949 -0.1321
vn 0.9754 0.1767 -0.1321
vn -0.9687 0.2100 -0.1321
vn 0.9221 0.3636 -0.1321
vn -0.9911 0.0170 -0.1321
vn 0.8335 0.5365 -0.1321
vn -0.9754 -0.1767 -0.1321
vn 0.7128 0.6888 -0.1321
vn -0.9221 -0.3636 -0.1321
vn 0.5647 0.8147 -0.1321
vn -0.8335 -0.5365 -0.1321
vn 0.3949 0.9092 -0.1321
vn -0.7128 -0.6888 -0.1321
vn 0.2100 0.9687 -0.1321
vn 0.0640 -0.3534 0.9333
vn -0.0061 -0.3591 0.9333
vn 0.1317 -0.3341 0.9333
vn 0.1944 -0.3020 0.9333
vn 0.2496 -0.2583 0.9333
vn 0.2952 -0.2046 0.9333
vn 0.3294 -0.1431 0.9333
vn 0.3510 -0.0761 0.9333
vn 0.3591 -0.0061 0.9333
vn 0.3534 0.0640 0.9333
vn 0.3341 0.1317 0.9333
vn 0.3020 0.1944 0.9333
vn 0.2583 0.2496 0.9333
vn 0.2046 0.2952 0.9333
vn -0.1944 0.3020 0.9333
vn -0.1317 0.3341 0.9333
vn 0.1431 0.3294 0.9333
vn -0.2496 0.2583 0.9333
vn 0.0761 0.3510 0.9333
vn -0.2952 0.2046 0.9333
vn 0.0061 0.3591 0.9333
vn -0.3294 0.1431 0.9333
vn -0.0640 0.3534 0.9333
vn -0.3510 0.0761 0.9333
vn -0.3591 0.0061 0.9333
vn -0.3534 -0.0640 0.9333
vn -0.3341 -0.1317 0.9333
vn -0.3020 -0.1944 0.9333
vn -0.2583 -0.2496 0.9333
vn -0.2046 -0.2952 0.9333
vn -0.1431 -0.3294 0.9333
vn -0.0761 -0.3510 0.9333
vn -0.3020 -0.1944 -0.9333
vn -0.2583 -0.2496 -0.9333
vn -0.2046 -0.2952 -0.9333
vn -0.1431 -0.3294 -0.9333
vn -0.0761 -0.3510 -0.9333
vn -0.0061 -0.3591 -0.9333
vn 0.0640 -0.3534 -0.9333
vn 0.1317 -0.3341 -0.9333
vn 0.1944 -0.3020 -0.9333
vn 0.2496 -0.2583 -0.9333
vn 0.2952 -0.2046 -0.9333
vn 0.3294 -0.1431 -0.9333
vn 0.3510 -0.0761 -0.9333
vn 0.3591 -0.0061 -0.9333
vn 0.3534 0.0640 -0.9333
vn 0.3341 0.1317 -0.9333
vn 0.3020 0.1944 -0.9333
vn 0.2583 0.2496 -0.9333
vn 0.2046 0.2952 -0.9333
vn -0.1317 0.3341 -0.9333
vn -0.1944 0.3020 -0.9333
vn 0.1431 0.3294 -0.9333
vn -0.2496 0.2583 -0.9333
vn 0.0761 0.3510 -0.9333
vn -0.2952 0.2046 -0.9333
vn 0.0061 0.3591 -0.9333
vn -0.3294 0.1431 -0.9333
vn -0.0640 0.3534 -0.9333
vn -0.3510 0.0761 -0.9333
vn -0.3591 0.0061 -0.9333
vn -0.3534 -0.0640 -0.9333
vn -0.3341 -0.1317 -0.9333
vn 0.9911 -0.0170 0.1321
vn -0.9911 0.0169 0.1321
vn -0.9911 0.0169 -0.1321
vn 0.9911 -0.0170 -0.1321
vt 0.000000 0.000000
s 1
f 899/2/390 898/2/391 832/2/392 801/2/393
f 903/2/394 902/2/395 819/2/396 820/2/397
f 907/2/398 906/2/399 806/2/400 807/2/401
f 909/2/402 903/2/394 820/2/397 821/2/403
f 911/2/404 907/2/398 807/2/401 808/2/405
f 913/2/406 909/2/402 821/2/403 822/2/407
f 915/2/408 911/2/404 808/2/405 809/2/409
f 917/2/410 913/2/406 822/2/407 823/2/411
f 919/2/412 915/2/408 809/2/409 810/2/413
f 921/2/414 917/2/410 823/2/411 824/2/415
f 923/2/416 919/2/412 810/2/413 811/2/417
f 925/2/418 921/2/414 824/2/415 825/2/419
f 927/2/420 923/2/416 811/2/417 812/2/421
f 929/2/422 925/2/418 825/2/419 826/2/423
f 931/2/424 927/2/420 812/2/421 813/2/425
f 933/2/426 929/2/422 826/2/423 827/2/427
f 935/2/428 931/2/424 813/2/425 814/2/429
f 937/2/430 933/2/426 827/2/427 828/2/431
f 939/2/432 935/2/428 814/2/429 815/2/433
f 941/2/434 899/2/390 801/2/393 802/2/435
f 943/2/436 937/2/430 828/2/431 829/2/437
f 945/2/438 939/2/432 815/2/433 816/2/439
f 947/2/440 941/2/434 802/2/435 803/2/441
f 949/2/442 943/2/436 829/2/437 830/2/443
f 951/2/444 945/2/438 816/2/439 817/2/445
f 953/2/446 947/2/440 803/2/441 804/2/447
f 955/2/448 949/2/442 830/2/443 831/2/449
f 957/2/450 951/2/444 817/2/445 818/2/451
f 959/2/452 953/2/446 804/2/447 805/2/453
f 898/2/391 955/2/448 831/2/449 832/2/392
f 902/2/395 957/2/450 818/2/451 819/2/396
f 906/2/399 959/2/452 805/2/453 806/2/400
f 963/2/454 865/2/455 896/2/456 962/2/457
f 967/2/458 884/2/459 883/2/460 966/2/461
f 971/2/462 871/2/463 870/2/464 970/2/465
f 973/2/466 885/2/467 884/2/459 967/2/458
f 975/2/468 872/2/469 871/2/463 971/2/462
f 977/2/470 886/2/471 885/2/467 973/2/466
f 979/2/472 873/2/473 872/2/469 975/2/468
f 981/2/474 887/2/475 886/2/471 977/2/470
f 983/2/476 874/2/477 873/2/473 979/2/472
f 985/2/478 888/2/479 887/2/475 981/2/474
f 987/2/480 875/2/481 874/2/477 983/2/476
f 989/2/482 889/2/483 888/2/479 985/2/478
f 991/2/484 876/2/485 875/2/481 987/2/480
f 993/2/486 890/2/487 889/2/483 989/2/482
f 995/2/488 877/2/489 876/2/485 991/2/484
f 997/2/490 891/2/491 890/2/487 993/2/486
f 999/2/492 878/2/493 877/2/489 995/2/488
f 1001/2/494 892/2/495 891/2/491 997/2/490
f 1003/2/496 879/2/497 878/2/493 999/2/492
f 1005/2/498 866/2/499 865/2/455 963/2/454
f 1007/2/500 893/2/501 892/2/495 1001/2/494
f 1009/2/502 880/2/503 879/2/497 1003/2/496
f 1011/2/504 867/2/505 866/2/499 1005/2/498
f 1013/2/506 894/2/507 893/2/501 1007/2/500
f 1015/2/508 881/2/509 880/2/503 1009/2/502
f 1017/2/510 868/2/511 867/2/505 1011/2/504
f 1019/2/512 895/2/513 894/2/507 1013/2/506
f 1021/2/514 882/2/515 881/2/509 1015/2/508
f 1023/2/516 869/2/517 868/2/511 1017/2/510
f 962/2/457 896/2/456 895/2/513 1019/2/512
f 966/2/461 883/2/460 882/2/515 1021/2/514
f 970/2/465 870/2/464 869/2/517 1023/2/516
f 1091/2/518 857/2/519 856/2/520 1090/2/521
f 1027/2/522 883/2/460 884/2/459 1026/2/523
f 1093/2/524 858/2/525 857/2/519 1091/2/518
f 1026/2/523 884/2/459 885/2/467 1030/2/526
f 1095/2/527 859/2/528 858/2/525 1093/2/524
f 1030/2/526 885/2/467 886/2/471 1032/2/529
f 1097/2/530 860/2/531 859/2/528 1095/2/527
f 1101/2/532 834/2/533 833/2/534 1100/2/535
f 1032/2/529 886/2/471 887/2/475 1034/2/536
f 1103/2/537 861/2/538 860/2/531 1097/2/530
f 1105/2/539 835/2/540 834/2/533 1101/2/532
f 1034/2/536 887/2/475 888/2/479 1036/2/541
f 1107/2/542 862/2/543 861/2/538 1103/2/537
f 1109/2/544 836/2/545 835/2/540 1105/2/539
f 1036/2/541 888/2/479 889/2/483 1038/2/546
f 1111/2/547 863/2/548 862/2/543 1107/2/542
f 1113/2/549 837/2/550 836/2/545 1109/2/544
f 1038/2/546 889/2/483 890/2/487 1040/2/551
f 1115/2/552 864/2/553 863/2/548 1111/2/547
f 1117/2/554 838/2/555 837/2/550 1113/2/549
f 1040/2/551 890/2/487 891/2/491 1042/2/556
f 1100/2/535 833/2/534 864/2/553 1115/2/552
f 1119/2/557 839/2/558 838/2/555 1117/2/554
f 1042/2/556 891/2/491 892/2/495 1044/2/559
f 1047/2/560 865/2/455 866/2/499 1046/2/561
f 1121/2/562 840/2/563 839/2/558 1119/2/557
f 1044/2/559 892/2/495 893/2/501 1050/2/564
f 1046/2/561 866/2/499 867/2/505 1052/2/565
f 1123/2/566 841/2/567 840/2/563 1121/2/562
f 1050/2/564 893/2/501 894/2/507 1054/2/568
f 1052/2/565 867/2/505 868/2/511 1056/2/569
f 1125/2/570 842/2/571 841/2/567 1123/2/566
f 1054/2/568 894/2/507 895/2/513 1058/2/572
f 1056/2/569 868/2/511 869/2/517 1060/2/573
f 1127/2/574 843/2/575 842/2/571 1125/2/570
f 1058/2/572 895/2/513 896/2/456 1062/2/576
f 1060/2/573 869/2/517 870/2/464 1064/2/577
f 1129/2/578 844/2/579 843/2/575 1127/2/574
f 1062/2/576 896/2/456 865/2/455 1047/2/560
f 1064/2/577 870/2/464 871/2/463 1066/2/580
f 1131/2/581 845/2/582 844/2/579 1129/2/578
f 1066/2/580 871/2/463 872/2/469 1068/2/583
f 1133/2/584 846/2/585 845/2/582 1131/2/581
f 1068/2/583 872/2/469 873/2/473 1070/2/586
f 1135/2/587 847/2/588 846/2/585 1133/2/584
f 1070/2/586 873/2/473 874/2/477 1072/2/589
f 1137/2/590 848/2/591 847/2/588 1135/2/587
f 1072/2/589 874/2/477 875/2/481 1074/2/592
f 1139/2/593 849/2/594 848/2/591 1137/2/590
f 1074/2/592 875/2/481 876/2/485 1076/2/595
f 1141/2/596 850/2/597 849/2/594 1139/2/593
f 1076/2/595 876/2/485 877/2/489 1078/2/598
f 1143/2/599 851/2/600 850/2/597 1141/2/596
f 1078/2/598 877/2/489 878/2/493 1080/2/601
f 1145/2/602 852/2/603 851/2/600 1143/2/599
f 1080/2/601 878/2/493 879/2/497 1082/2/604
f 1147/2/605 853/2/606 852/2/603 1145/2/602
f 1082/2/604 879/2/497 880/2/503 1084/2/607
f 1149/2/608 854/2/609 853/2/606 1147/2/605
f 1084/2/607 880/2/503 881/2/509 1086/2/610
f 1151/2/611 855/2/612 854/2/609 1149/2/608
f 1086/2/610 881/2/509 882/2/515 1088/2/613
f 1090/2/521 856/2/520 855/2/612 1151/2/611
f 1088/2/613 882/2/515 883/2/460 1027/2/522
f 774/2/614 773/2/615 960/2/616 905/2/617
f 905/2/617 960/2/616 959/2/452 906/2/399
f 787/2/618 786/2/619 958/2/620 901/2/621
f 901/2/621 958/2/620 957/2/450 902/2/395
f 800/2/622 799/2/623 956/2/624 897/2/625
f 897/2/625 956/2/624 955/2/448 898/2/391
f 773/2/615 772/2/626 954/2/627 960/2/616
f 960/2/616 954/2/627 953/2/446 959/2/452
f 786/2/619 785/2/628 952/2/629 958/2/620
f 958/2/620 952/2/629 951/2/444 957/2/450
f 799/2/623 798/2/630 950/2/631 956/2/624
f 956/2/624 950/2/631 949/2/442 955/2/448
f 772/2/626 771/2/632 948/2/633 954/2/627
f 954/2/627 948/2/633 947/2/440 953/2/446
f 785/2/628 784/2/634 946/2/635 952/2/629
f 952/2/629 946/2/635 945/2/438 951/2/444
f 798/2/630 797/2/636 944/2/637 950/2/631
f 950/2/631 944/2/637 943/2/436 949/2/442
f 771/2/632 770/2/638 942/2/639 948/2/633
f 948/2/633 942/2/639 941/2/434 947/2/440
f 784/2/634 783/2/640 940/2/641 946/2/635
f 946/2/635 940/2/641 939/2/432 945/2/438
f 797/2/636 796/2/642 938/2/643 944/2/637
f 944/2/637 938/2/643 937/2/430 943/2/436
f 770/2/638 769/2/644 900/2/645 942/2/639
f 942/2/639 900/2/645 899/2/390 941/2/434
f 783/2/640 782/2/646 936/2/647 940/2/641
f 940/2/641 936/2/647 935/2/428 939/2/432
f 796/2/642 795/2/648 934/2/649 938/2/643
f 938/2/643 934/2/649 933/2/426 937/2/430
f 782/2/646 781/2/650 932/2/651 936/2/647
f 936/2/647 932/2/651 931/2/424 935/2/428
f 795/2/648 794/2/652 930/2/653 934/2/649
f 934/2/649 930/2/653 929/2/422 933/2/426
f 781/2/650 780/2/654 928/2/655 932/2/651
f 932/2/651 928/2/655 927/2/420 931/2/424
f 794/2/652 793/2/656 926/2/657 930/2/653
f 930/2/653 926/2/657 925/2/418 929/2/422
f 780/2/654 779/2/658 924/2/659 928/2/655
f 928/2/655 924/2/659 923/2/416 927/2/420
f 793/2/656 792/2/660 922/2/661 926/2/657
f 926/2/657 922/2/661 921/2/414 925/2/418
f 779/2/658 778/2/662 920/2/663 924/2/659
f 924/2/659 920/2/663 919/2/412 923/2/416
f 792/2/660 791/2/664 918/2/665 922/2/661
f 922/2/661 918/2/665 917/2/410 921/2/414
f 778/2/662 777/2/666 916/2/667 920/2/663
f 920/2/663 916/2/667 915/2/408 919/2/412
f 791/2/664 790/2/668 914/2/669 918/2/665
f 918/2/665 914/2/669 913/2/406 917/2/410
f 777/2/666 776/2/670 912/2/671 916/2/667
f 916/2/667 912/2/671 911/2/404 915/2/408
f 790/2/668 789/2/672 910/2/673 914/2/669
f 914/2/669 910/2/673 909/2/402 913/2/406
f 776/2/670 775/2/674 908/2/675 912/2/671
f 912/2/671 908/2/675 907/2/398 911/2/404
f 789/2/672 788/2/676 904/2/677 910/2/673
f 910/2/673 904/2/677 903/2/394 909/2/402
f 775/2/674 774/2/614 905/2/617 908/2/675
f 908/2/675 905/2/617 906/2/399 907/2/398
f 788/2/676 787/2/618 901/2/621 904/2/677
f 904/2/677 901/2/621 902/2/395 903/2/394
f 769/2/644 800/2/622 897/2/625 900/2/645
f 900/2/645 897/2/625 898/2/391 899/2/390
f 838/2/555 969/2/678 1024/2/679 837/2/550
f 969/2/678 970/2/465 1023/2/516 1024/2/679
f 851/2/600 965/2/680 1022/2/681 850/2/597
f 965/2/680 966/2/461 1021/2/514 1022/2/681
f 864/2/553 961/2/682 1020/2/683 863/2/548
f 961/2/682 962/2/457 1019/2/512 1020/2/683
f 837/2/550 1024/2/679 1018/2/684 836/2/545
f 1024/2/679 1023/2/516 1017/2/510 1018/2/684
f 850/2/597 1022/2/681 1016/2/685 849/2/594
f 1022/2/681 1021/2/514 1015/2/508 1016/2/685
f 863/2/548 1020/2/683 1014/2/686 862/2/543
f 1020/2/683 1019/2/512 1013/2/506 1014/2/686
f 836/2/545 1018/2/684 1012/2/687 835/2/540
f 1018/2/684 1017/2/510 1011/2/504 1012/2/687
f 849/2/594 1016/2/685 1010/2/688 848/2/591
f 1016/2/685 1015/2/508 1009/2/502 1010/2/688
f 862/2/543 1014/2/686 1008/2/689 861/2/538
f 1014/2/686 1013/2/506 1007/2/500 1008/2/689
f 835/2/540 1012/2/687 1006/2/690 834/2/533
f 1012/2/687 1011/2/504 1005/2/498 1006/2/690
f 848/2/591 1010/2/688 1004/2/691 847/2/588
f 1010/2/688 1009/2/502 1003/2/496 1004/2/691
f 861/2/538 1008/2/689 1002/2/692 860/2/531
f 1008/2/689 1007/2/500 1001/2/494 1002/2/692
f 834/2/533 1006/2/690 964/2/693 833/2/534
f 1006/2/690 1005/2/498 963/2/454 964/2/693
f 847/2/588 1004/2/691 1000/2/694 846/2/585
f 1004/2/691 1003/2/496 999/2/492 1000/2/694
f 860/2/531 1002/2/692 998/2/695 859/2/528
f 1002/2/692 1001/2/494 997/2/490 998/2/695
f 846/2/585 1000/2/694 996/2/696 845/2/582
f 1000/2/694 999/2/492 995/2/488 996/2/696
f 859/2/528 998/2/695 994/2/697 858/2/525
f 998/2/695 997/2/490 993/2/486 994/2/697
f 845/2/582 996/2/696 992/2/698 844/2/579
f 996/2/696 995/2/488 991/2/484 992/2/698
f 858/2/525 994/2/697 990/2/699 857/2/519
f 994/2/697 993/2/486 989/2/482 990/2/699
f 844/2/579 992/2/698 988/2/700 843/2/575
f 992/2/698 991/2/484 987/2/480 988/2/700
f 857/2/519 990/2/699 986/2/701 856/2/520
f 990/2/699 989/2/482 985/2/478 986/2/701
f 843/2/575 988/2/700 984/2/702 842/2/571
f 988/2/700 987/2/480 983/2/476 984/2/702
f 856/2/520 986/2/701 982/2/703 855/2/612
f 986/2/701 985/2/478 981/2/474 982/2/703
f 842/2/571 984/2/702 980/2/704 841/2/567
f 984/2/702 983/2/476 979/2/472 980/2/704
f 855/2/612 982/2/703 978/2/705 854/2/609
f 982/2/703 981/2/474 977/2/470 978/2/705
f 841/2/567 980/2/704 976/2/706 840/2/563
f 980/2/704 979/2/472 975/2/468 976/2/706
f 854/2/609 978/2/705 974/2/707 853/2/606
f 978/2/705 977/2/470 973/2/466 974/2/707
f 840/2/563 976/2/706 972/2/708 839/2/558
f 976/2/706 975/2/468 971/2/462 972/2/708
f 853/2/606 974/2/707 968/2/709 852/2/603
f 974/2/707 973/2/466 967/2/458 968/2/709
f 839/2/558 972/2/708 969/2/678 838/2/555
f 972/2/708 971/2/462 970/2/465 969/2/678
f 852/2/603 968/2/709 965/2/680 851/2/600
f 968/2/709 967/2/458 966/2/461 965/2/680
f 833/2/534 964/2/693 961/2/682 864/2/553
f 964/2/693 963/2/454 962/2/457 961/2/682
f 818/2/451 1087/2/710 1028/2/711 819/2/396
f 1087/2/710 1088/2/613 1027/2/522 1028/2/711
f 817/2/445 1085/2/712 1087/2/710 818/2/451
f 1085/2/712 1086/2/610 1088/2/613 1087/2/710
f 816/2/439 1083/2/713 1085/2/712 817/2/445
f 1083/2/713 1084/2/607 1086/2/610 1085/2/712
f 815/2/433 1081/2/714 1083/2/713 816/2/439
f 1081/2/714 1082/2/604 1084/2/607 1083/2/713
f 814/2/429 1079/2/715 1081/2/714 815/2/433
f 1079/2/715 1080/2/601 1082/2/604 1081/2/714
f 813/2/425 1077/2/716 1079/2/715 814/2/429
f 1077/2/716 1078/2/598 1080/2/601 1079/2/715
f 812/2/421 1075/2/717 1077/2/716 813/2/425
f 1075/2/717 1076/2/595 1078/2/598 1077/2/716
f 811/2/417 1073/2/718 1075/2/717 812/2/421
f 1073/2/718 1074/2/592 1076/2/595 1075/2/717
f 810/2/413 1071/2/719 1073/2/718 811/2/417
f 1071/2/719 1072/2/589 1074/2/592 1073/2/718
f 809/2/409 1069/2/720 1071/2/719 810/2/413
f 1069/2/720 1070/2/586 1072/2/589 1071/2/719
f 808/2/405 1067/2/721 1069/2/720 809/2/409
f 1067/2/721 1068/2/583 1070/2/586 1069/2/720
f 807/2/401 1065/2/722 1067/2/721 808/2/405
f 1065/2/722 1066/2/580 1068/2/583 1067/2/721
f 806/2/400 1063/2/723 1065/2/722 807/2/401
f 1063/2/723 1064/2/577 1066/2/580 1065/2/722
f 832/2/392 1061/2/724 1048/2/725 801/2/393
f 1061/2/724 1062/2/576 1047/2/560 1048/2/725
f 805/2/453 1059/2/726 1063/2/723 806/2/400
f 1059/2/726 1060/2/573 1064/2/577 1063/2/723
f 831/2/449 1057/2/727 1061/2/724 832/2/392
f 1057/2/727 1058/2/572 1062/2/576 1061/2/724
f 804/2/447 1055/2/728 1059/2/726 805/2/453
f 1055/2/728 1056/2/569 1060/2/573 1059/2/726
f 830/2/443 1053/2/729 1057/2/727 831/2/449
f 1053/2/729 1054/2/568 1058/2/572 1057/2/727
f 803/2/441 1051/2/730 1055/2/728 804/2/447
f 1051/2/730 1052/2/565 1056/2/569 1055/2/728
f 829/2/437 1049/2/731 1053/2/729 830/2/443
f 1049/2/731 1050/2/564 1054/2/568 1053/2/729
f 802/2/435 1045/2/732 1051/2/730 803/2/441
f 1045/2/732 1046/2/561 1052/2/565 1051/2/730
f 828/2/431 1043/2/733 1049/2/731 829/2/437
f 1043/2/733 1044/2/559 1050/2/564 1049/2/731
f 801/2/393 1048/2/725 1045/2/732 802/2/435
f 1048/2/725 1047/2/560 1046/2/561 1045/2/732
f 827/2/427 1041/2/734 1043/2/733 828/2/431
f 1041/2/734 1042/2/556 1044/2/559 1043/2/733
f 826/2/423 1039/2/735 1041/2/734 827/2/427
f 1039/2/735 1040/2/551 1042/2/556 1041/2/734
f 825/2/419 1037/2/736 1039/2/735 826/2/423
f 1037/2/736 1038/2/546 1040/2/551 1039/2/735
f 824/2/415 1035/2/737 1037/2/736 825/2/419
f 1035/2/737 1036/2/541 1038/2/546 1037/2/736
f 823/2/411 1033/2/738 1035/2/737 824/2/415
f 1033/2/738 1034/2/536 1036/2/541 1035/2/737
f 822/2/407 1031/2/739 1033/2/738 823/2/411
f 1031/2/739 1032/2/529 1034/2/536 1033/2/738
f 821/2/403 1029/2/740 1031/2/739 822/2/407
f 1029/2/740 1030/2/526 1032/2/529 1031/2/739
f 820/2/397 1025/2/741 1029/2/740 821/2/403
f 1025/2/741 1026/2/523 1030/2/526 1029/2/740
f 819/2/396 1028/2/711 1025/2/741 820/2/397
f 1028/2/711 1027/2/522 1026/2/523 1025/2/741
f 792/2/660 1089/2/742 1152/2/743 791/2/664
f 1089/2/742 1090/2/521 1151/2/611 1152/2/743
f 791/2/664 1152/2/743 1150/2/744 790/2/668
f 1152/2/743 1151/2/611 1149/2/608 1150/2/744
f 790/2/668 1150/2/744 1148/2/745 789/2/672
f 1150/2/744 1149/2/608 1147/2/605 1148/2/745
f 789/2/672 1148/2/745 1146/2/746 788/2/676
f 1148/2/745 1147/2/605 1145/2/602 1146/2/746
f 788/2/676 1146/2/746 1144/2/747 787/2/618
f 1146/2/746 1145/2/602 1143/2/599 1144/2/747
f 787/2/618 1144/2/747 1142/2/748 786/2/619
f 1144/2/747 1143/2/599 1141/2/596 1142/2/748
f 786/2/619 1142/2/748 1140/2/749 785/2/628
f 1142/2/748 1141/2/596 1139/2/593 1140/2/749
f 785/2/628 1140/2/749 1138/2/750 784/2/634
f 1140/2/749 1139/2/593 1137/2/590 1138/2/750
f 784/2/634 1138/2/750 1136/2/751 783/2/640
f 1138/2/750 1137/2/590 1135/2/587 1136/2/751
f 783/2/640 1136/2/751 1134/2/752 782/2/646
f 1136/2/751 1135/2/587 1133/2/584 1134/2/752
f 782/2/646 1134/2/752 1132/2/753 781/2/650
f 1134/2/752 1133/2/584 1131/2/581 1132/2/753
f 781/2/650 1132/2/753 1130/2/754 780/2/654
f 1132/2/753 1131/2/581 1129/2/578 1130/2/754
f 780/2/654 1130/2/754 1128/2/755 779/2/658
f 1130/2/754 1129/2/578 1127/2/574 1128/2/755
f 779/2/658 1128/2/755 1126/2/756 778/2/662
f 1128/2/755 1127/2/574 1125/2/570 1126/2/756
f 778/2/662 1126/2/756 1124/2/757 777/2/666
f 1126/2/756 1125/2/570 1123/2/566 1124/2/757
f 777/2/666 1124/2/757 1122/2/758 776/2/670
f 1124/2/757 1123/2/566 1121/2/562 1122/2/758
f 776/2/670 1122/2/758 1120/2/759 775/2/674
f 1122/2/758 1121/2/562 1119/2/557 1120/2/759
f 775/2/674 1120/2/759 1118/2/760 774/2/614
f 1120/2/759 1119/2/557 1117/2/554 1118/2/760
f 769/2/644 1099/2/761 1116/2/762 800/2/622
f 1099/2/761 1100/2/535 1115/2/552 1116/2/762
f 774/2/614 1118/2/760 1114/2/763 773/2/615
f 1118/2/760 1117/2/554 1113/2/549 1114/2/763
f 800/2/622 1116/2/762 1112/2/764 799/2/623
f 1116/2/762 1115/2/552 1111/2/547 1112/2/764
f 773/2/615 1114/2/763 1110/2/765 772/2/626
f 1114/2/763 1113/2/549 1109/2/544 1110/2/765
f 799/2/623 1112/2/764 1108/2/766 798/2/630
f 1112/2/764 1111/2/547 1107/2/542 1108/2/766
f 772/2/626 1110/2/765 1106/2/767 771/2/632
f 1110/2/765 1109/2/544 1105/2/539 1106/2/767
f 798/2/630 1108/2/766 1104/2/768 797/2/636
f 1108/2/766 1107/2/542 1103/2/537 1104/2/768
f 771/2/632 1106/2/767 1102/2/769 770/2/638
f 1106/2/767 1105/2/539 1101/2/532 1102/2/769
f 797/2/636 1104/2/768 1098/2/770 796/2/642
f 1104/2/768 1103/2/537 1097/2/530 1098/2/770
f 770/2/638 1102/2/769 1099/2/761 769/2/644
f 1102/2/769 1101/2/532 1100/2/535 1099/2/761
f 796/2/642 1098/2/770 1096/2/771 795/2/648
f 1098/2/770 1097/2/530 1095/2/527 1096/2/771
f 795/2/648 1096/2/771 1094/2/772 794/2/652
f 1096/2/771 1095/2/527 1093/2/524 1094/2/772
f 794/2/652 1094/2/772 1092/2/773 793/2/656
f 1094/2/772 1093/2/524 1091/2/518 1092/2/773
f 793/2/656 1092/2/773 1089/2/742 792/2/660
f 1092/2/773 1091/2/518 1090/2/521 1089/2/742
f 1283/2/390 1185/2/393 1216/2/435 1282/2/434
f 1287/2/428 1204/2/429 1203/2/433 1286/2/432
f 1291/2/426 1191/2/427 1190/2/431 1290/2/430
f 1293/2/424 1205/2/425 1204/2/429 1287/2/428
f 1295/2/422 1192/2/423 1191/2/427 1291/2/426
f 1297/2/420 1206/2/421 1205/2/425 1293/2/424
f 1299/2/418 1193/2/419 1192/2/423 1295/2/422
f 1301/2/416 1207/2/417 1206/2/421 1297/2/420
f 1303/2/414 1194/2/415 1193/2/419 1299/2/418
f 1305/2/412 1208/2/413 1207/2/417 1301/2/416
f 1307/2/410 1195/2/411 1194/2/415 1303/2/414
f 1309/2/408 1209/2/409 1208/2/413 1305/2/412
f 1311/2/406 1196/2/407 1195/2/411 1307/2/410
f 1313/2/404 1210/2/405 1209/2/409 1309/2/408
f 1315/2/402 1197/2/403 1196/2/407 1311/2/406
f 1317/2/398 1211/2/401 1210/2/405 1313/2/404
f 1319/2/394 1198/2/397 1197/2/403 1315/2/402
f 1321/2/399 1212/2/400 1211/2/401 1317/2/398
f 1323/2/395 1199/2/396 1198/2/397 1319/2/394
f 1325/2/391 1186/2/392 1185/2/393 1283/2/390
f 1327/2/452 1213/2/453 1212/2/400 1321/2/399
f 1329/2/450 1200/2/451 1199/2/396 1323/2/395
f 1331/2/448 1187/2/449 1186/2/392 1325/2/391
f 1333/2/446 1214/2/447 1213/2/453 1327/2/452
f 1335/2/444 1201/2/445 1200/2/451 1329/2/450
f 1337/2/442 1188/2/443 1187/2/449 1331/2/448
f 1339/2/440 1215/2/441 1214/2/447 1333/2/446
f 1341/2/438 1202/2/439 1201/2/445 1335/2/444
f 1343/2/436 1189/2/437 1188/2/443 1337/2/442
f 1282/2/434 1216/2/435 1215/2/441 1339/2/440
f 1286/2/432 1203/2/433 1202/2/439 1341/2/438
f 1290/2/430 1190/2/431 1189/2/437 1343/2/436
f 1347/2/454 1346/2/498 1280/2/499 1249/2/455
f 1351/2/492 1350/2/496 1267/2/497 1268/2/493
f 1355/2/774 1354/2/494 1254/2/495 1255/2/491
f 1357/2/488 1351/2/492 1268/2/493 1269/2/489
f 1359/2/486 1355/2/774 1255/2/491 1256/2/487
f 1361/2/484 1357/2/488 1269/2/489 1270/2/485
f 1363/2/482 1359/2/486 1256/2/487 1257/2/483
f 1365/2/775 1361/2/484 1270/2/485 1271/2/481
f 1367/2/478 1363/2/482 1257/2/483 1258/2/479
f 1369/2/476 1365/2/775 1271/2/481 1272/2/477
f 1371/2/474 1367/2/478 1258/2/479 1259/2/475
f 1373/2/472 1369/2/476 1272/2/477 1273/2/473
f 1375/2/470 1371/2/474 1259/2/475 1260/2/471
f 1377/2/468 1373/2/472 1273/2/473 1274/2/469
f 1379/2/466 1375/2/470 1260/2/471 1261/2/467
f 1381/2/462 1377/2/468 1274/2/469 1275/2/463
f 1383/2/458 1379/2/466 1261/2/467 1262/2/459
f 1385/2/465 1381/2/462 1275/2/463 1276/2/464
f 1387/2/461 1383/2/458 1262/2/459 1263/2/460
f 1389/2/457 1347/2/454 1249/2/455 1250/2/456
f 1391/2/516 1385/2/465 1276/2/464 1277/2/517
f 1393/2/514 1387/2/461 1263/2/460 1264/2/515
f 1395/2/512 1389/2/457 1250/2/456 1251/2/513
f 1397/2/510 1391/2/516 1277/2/517 1278/2/511
f 1399/2/508 1393/2/514 1264/2/515 1265/2/509
f 1401/2/506 1395/2/512 1251/2/513 1252/2/507
f 1403/2/504 1397/2/510 1278/2/511 1279/2/505
f 1405/2/502 1399/2/508 1265/2/509 1266/2/503
f 1407/2/500 1401/2/506 1252/2/507 1253/2/501
f 1346/2/498 1403/2/504 1279/2/505 1280/2/499
f 1350/2/496 1405/2/502 1266/2/503 1267/2/497
f 1354/2/494 1407/2/500 1253/2/501 1254/2/495
f 1475/2/566 1474/2/570 1240/2/571 1241/2/567
f 1411/2/604 1410/2/601 1268/2/493 1267/2/497
f 1477/2/562 1475/2/566 1241/2/567 1242/2/563
f 1410/2/601 1414/2/598 1269/2/489 1268/2/493
f 1479/2/557 1477/2/562 1242/2/563 1243/2/558
f 1414/2/598 1416/2/595 1270/2/485 1269/2/489
f 1481/2/554 1479/2/557 1243/2/558 1244/2/555
f 1485/2/552 1484/2/535 1217/2/534 1218/2/553
f 1416/2/595 1418/2/592 1271/2/481 1270/2/485
f 1487/2/549 1481/2/554 1244/2/555 1245/2/550
f 1489/2/547 1485/2/552 1218/2/553 1219/2/548
f 1418/2/592 1420/2/589 1272/2/477 1271/2/481
f 1491/2/544 1487/2/549 1245/2/550 1246/2/545
f 1493/2/542 1489/2/547 1219/2/548 1220/2/543
f 1420/2/589 1422/2/586 1273/2/473 1272/2/477
f 1495/2/539 1491/2/544 1246/2/545 1247/2/540
f 1497/2/537 1493/2/542 1220/2/543 1221/2/538
f 1422/2/586 1424/2/583 1274/2/469 1273/2/473
f 1499/2/532 1495/2/539 1247/2/540 1248/2/533
f 1501/2/530 1497/2/537 1221/2/538 1222/2/531
f 1424/2/583 1426/2/580 1275/2/463 1274/2/469
f 1484/2/535 1499/2/532 1248/2/533 1217/2/534
f 1503/2/527 1501/2/530 1222/2/531 1223/2/528
f 1426/2/580 1428/2/577 1276/2/464 1275/2/463
f 1431/2/560 1430/2/576 1250/2/456 1249/2/455
f 1505/2/524 1503/2/527 1223/2/528 1224/2/525
f 1428/2/577 1434/2/573 1277/2/517 1276/2/464
f 1430/2/576 1436/2/572 1251/2/513 1250/2/456
f 1507/2/518 1505/2/524 1224/2/525 1225/2/519
f 1434/2/573 1438/2/569 1278/2/511 1277/2/517
f 1436/2/572 1440/2/568 1252/2/507 1251/2/513
f 1509/2/521 1507/2/518 1225/2/519 1226/2/520
f 1438/2/569 1442/2/565 1279/2/505 1278/2/511
f 1440/2/568 1444/2/564 1253/2/501 1252/2/507
f 1511/2/611 1509/2/521 1226/2/520 1227/2/612
f 1442/2/565 1446/2/561 1280/2/499 1279/2/505
f 1444/2/564 1448/2/559 1254/2/495 1253/2/501
f 1513/2/608 1511/2/611 1227/2/612 1228/2/609
f 1446/2/561 1431/2/560 1249/2/455 1280/2/499
f 1448/2/559 1450/2/556 1255/2/491 1254/2/495
f 1515/2/605 1513/2/608 1228/2/609 1229/2/606
f 1450/2/556 1452/2/551 1256/2/487 1255/2/491
f 1517/2/602 1515/2/605 1229/2/606 1230/2/603
f 1452/2/551 1454/2/546 1257/2/483 1256/2/487
f 1519/2/599 1517/2/602 1230/2/603 1231/2/600
f 1454/2/546 1456/2/541 1258/2/479 1257/2/483
f 1521/2/596 1519/2/599 1231/2/600 1232/2/597
f 1456/2/541 1458/2/536 1259/2/475 1258/2/479
f 1523/2/593 1521/2/596 1232/2/597 1233/2/594
f 1458/2/536 1460/2/529 1260/2/471 1259/2/475
f 1525/2/590 1523/2/593 1233/2/594 1234/2/591
f 1460/2/529 1462/2/526 1261/2/467 1260/2/471
f 1527/2/587 1525/2/590 1234/2/591 1235/2/588
f 1462/2/526 1464/2/523 1262/2/459 1261/2/467
f 1529/2/584 1527/2/587 1235/2/588 1236/2/585
f 1464/2/523 1466/2/522 1263/2/460 1262/2/459
f 1531/2/581 1529/2/584 1236/2/585 1237/2/582
f 1466/2/522 1468/2/613 1264/2/515 1263/2/460
f 1533/2/578 1531/2/581 1237/2/582 1238/2/579
f 1468/2/613 1470/2/610 1265/2/509 1264/2/515
f 1535/2/574 1533/2/578 1238/2/579 1239/2/575
f 1470/2/610 1472/2/607 1266/2/503 1265/2/509
f 1474/2/570 1535/2/574 1239/2/575 1240/2/571
f 1472/2/607 1411/2/604 1267/2/497 1266/2/503
f 1158/2/642 1289/2/643 1344/2/637 1157/2/636
f 1289/2/643 1290/2/430 1343/2/436 1344/2/637
f 1171/2/640 1285/2/641 1342/2/635 1170/2/634
f 1285/2/641 1286/2/432 1341/2/438 1342/2/635
f 1184/2/638 1281/2/639 1340/2/633 1183/2/632
f 1281/2/639 1282/2/434 1339/2/440 1340/2/633
f 1157/2/636 1344/2/637 1338/2/631 1156/2/630
f 1344/2/637 1343/2/436 1337/2/442 1338/2/631
f 1170/2/634 1342/2/635 1336/2/629 1169/2/628
f 1342/2/635 1341/2/438 1335/2/444 1336/2/629
f 1183/2/632 1340/2/633 1334/2/627 1182/2/626
f 1340/2/633 1339/2/440 1333/2/446 1334/2/627
f 1156/2/630 1338/2/631 1332/2/624 1155/2/623
f 1338/2/631 1337/2/442 1331/2/448 1332/2/624
f 1169/2/628 1336/2/629 1330/2/620 1168/2/619
f 1336/2/629 1335/2/444 1329/2/450 1330/2/620
f 1182/2/626 1334/2/627 1328/2/616 1181/2/615
f 1334/2/627 1333/2/446 1327/2/452 1328/2/616
f 1155/2/623 1332/2/624 1326/2/625 1154/2/622
f 1332/2/624 1331/2/448 1325/2/391 1326/2/625
f 1168/2/619 1330/2/620 1324/2/621 1167/2/618
f 1330/2/620 1329/2/450 1323/2/395 1324/2/621
f 1181/2/615 1328/2/616 1322/2/617 1180/2/614
f 1328/2/616 1327/2/452 1321/2/399 1322/2/617
f 1154/2/622 1326/2/625 1284/2/645 1153/2/644
f 1326/2/625 1325/2/391 1283/2/390 1284/2/645
f 1167/2/618 1324/2/621 1320/2/677 1166/2/676
f 1324/2/621 1323/2/395 1319/2/394 1320/2/677
f 1180/2/614 1322/2/617 1318/2/675 1179/2/674
f 1322/2/617 1321/2/399 1317/2/398 1318/2/675
f 1166/2/676 1320/2/677 1316/2/673 1165/2/672
f 1320/2/677 1319/2/394 1315/2/402 1316/2/673
f 1179/2/674 1318/2/675 1314/2/671 1178/2/670
f 1318/2/675 1317/2/398 1313/2/404 1314/2/671
f 1165/2/672 1316/2/673 1312/2/669 1164/2/668
f 1316/2/673 1315/2/402 1311/2/406 1312/2/669
f 1178/2/670 1314/2/671 1310/2/667 1177/2/666
f 1314/2/671 1313/2/404 1309/2/408 1310/2/667
f 1164/2/668 1312/2/669 1308/2/665 1163/2/664
f 1312/2/669 1311/2/406 1307/2/410 1308/2/665
f 1177/2/666 1310/2/667 1306/2/663 1176/2/662
f 1310/2/667 1309/2/408 1305/2/412 1306/2/663
f 1163/2/664 1308/2/665 1304/2/661 1162/2/660
f 1308/2/665 1307/2/410 1303/2/414 1304/2/661
f 1176/2/662 1306/2/663 1302/2/659 1175/2/658
f 1306/2/663 1305/2/412 1301/2/416 1302/2/659
f 1162/2/660 1304/2/661 1300/2/657 1161/2/656
f 1304/2/661 1303/2/414 1299/2/418 1300/2/657
f 1175/2/658 1302/2/659 1298/2/655 1174/2/654
f 1302/2/659 1301/2/416 1297/2/420 1298/2/655
f 1161/2/656 1300/2/657 1296/2/653 1160/2/652
f 1300/2/657 1299/2/418 1295/2/422 1296/2/653
f 1174/2/654 1298/2/655 1294/2/651 1173/2/650
f 1298/2/655 1297/2/420 1293/2/424 1294/2/651
f 1160/2/652 1296/2/653 1292/2/649 1159/2/648
f 1296/2/653 1295/2/422 1291/2/426 1292/2/649
f 1173/2/650 1294/2/651 1288/2/647 1172/2/646
f 1294/2/651 1293/2/424 1287/2/428 1288/2/647
f 1159/2/648 1292/2/649 1289/2/643 1158/2/642
f 1292/2/649 1291/2/426 1290/2/430 1289/2/643
f 1172/2/646 1288/2/647 1285/2/641 1171/2/640
f 1288/2/647 1287/2/428 1286/2/432 1285/2/641
f 1153/2/644 1284/2/645 1281/2/639 1184/2/638
f 1284/2/645 1283/2/390 1282/2/434 1281/2/639
f 1222/2/531 1221/2/538 1408/2/689 1353/2/692
f 1353/2/692 1408/2/689 1407/2/500 1354/2/494
f 1235/2/588 1234/2/591 1406/2/688 1349/2/691
f 1349/2/691 1406/2/688 1405/2/502 1350/2/496
f 1248/2/533 1247/2/540 1404/2/687 1345/2/690
f 1345/2/690 1404/2/687 1403/2/504 1346/2/498
f 1221/2/538 1220/2/543 1402/2/686 1408/2/689
f 1408/2/689 1402/2/686 1401/2/506 1407/2/500
f 1234/2/591 1233/2/594 1400/2/685 1406/2/688
f 1406/2/688 1400/2/685 1399/2/508 1405/2/502
f 1247/2/540 1246/2/545 1398/2/684 1404/2/687
f 1404/2/687 1398/2/684 1397/2/510 1403/2/504
f 1220/2/543 1219/2/548 1396/2/683 1402/2/686
f 1402/2/686 1396/2/683 1395/2/512 1401/2/506
f 1233/2/594 1232/2/597 1394/2/681 1400/2/685
f 1400/2/685 1394/2/681 1393/2/514 1399/2/508
f 1246/2/545 1245/2/550 1392/2/679 1398/2/684
f 1398/2/684 1392/2/679 1391/2/516 1397/2/510
f 1219/2/548 1218/2/553 1390/2/682 1396/2/683
f 1396/2/683 1390/2/682 1389/2/457 1395/2/512
f 1232/2/597 1231/2/600 1388/2/680 1394/2/681
f 1394/2/681 1388/2/680 1387/2/461 1393/2/514
f 1245/2/550 1244/2/555 1386/2/678 1392/2/679
f 1392/2/679 1386/2/678 1385/2/465 1391/2/516
f 1218/2/553 1217/2/534 1348/2/693 1390/2/682
f 1390/2/682 1348/2/693 1347/2/454 1389/2/457
f 1231/2/600 1230/2/603 1384/2/709 1388/2/680
f 1388/2/680 1384/2/709 1383/2/458 1387/2/461
f 1244/2/555 1243/2/558 1382/2/708 1386/2/678
f 1386/2/678 1382/2/708 1381/2/462 1385/2/465
f 1230/2/603 1229/2/606 1380/2/707 1384/2/709
f 1384/2/709 1380/2/707 1379/2/466 1383/2/458
f 1243/2/558 1242/2/563 1378/2/706 1382/2/708
f 1382/2/708 1378/2/706 1377/2/468 1381/2/462
f 1229/2/606 1228/2/609 1376/2/705 1380/2/707
f 1380/2/707 1376/2/705 1375/2/470 1379/2/466
f 1242/2/563 1241/2/567 1374/2/704 1378/2/706
f 1378/2/706 1374/2/704 1373/2/472 1377/2/468
f 1228/2/609 1227/2/612 1372/2/703 1376/2/705
f 1376/2/705 1372/2/703 1371/2/474 1375/2/470
f 1241/2/567 1240/2/571 1370/2/702 1374/2/704
f 1374/2/704 1370/2/702 1369/2/476 1373/2/472
f 1227/2/612 1226/2/520 1368/2/701 1372/2/703
f 1372/2/703 1368/2/701 1367/2/478 1371/2/474
f 1240/2/571 1239/2/575 1366/2/776 1370/2/702
f 1370/2/702 1366/2/776 1365/2/775 1369/2/476
f 1226/2/520 1225/2/519 1364/2/699 1368/2/701
f 1368/2/701 1364/2/699 1363/2/482 1367/2/478
f 1239/2/575 1238/2/579 1362/2/698 1366/2/776
f 1366/2/776 1362/2/698 1361/2/484 1365/2/775
f 1225/2/519 1224/2/525 1360/2/697 1364/2/699
f 1364/2/699 1360/2/697 1359/2/486 1363/2/482
f 1238/2/579 1237/2/582 1358/2/696 1362/2/698
f 1362/2/698 1358/2/696 1357/2/488 1361/2/484
f 1224/2/525 1223/2/528 1356/2/777 1360/2/697
f 1360/2/697 1356/2/777 1355/2/774 1359/2/486
f 1237/2/582 1236/2/585 1352/2/694 1358/2/696
f 1358/2/696 1352/2/694 1351/2/492 1357/2/488
f 1223/2/528 1222/2/531 1353/2/692 1356/2/777
f 1356/2/777 1353/2/692 1354/2/494 1355/2/774
f 1236/2/585 1235/2/588 1349/2/691 1352/2/694
f 1352/2/694 1349/2/691 1350/2/496 1351/2/492
f 1217/2/534 1248/2/533 1345/2/690 1348/2/693
f 1348/2/693 1345/2/690 1346/2/498 1347/2/454
f 1202/2/439 1203/2/433 1412/2/714 1471/2/713
f 1471/2/713 1412/2/714 1411/2/604 1472/2/607
f 1201/2/445 1202/2/439 1471/2/713 1469/2/712
f 1469/2/712 1471/2/713 1472/2/607 1470/2/610
f 1200/2/451 1201/2/445 1469/2/712 1467/2/710
f 1467/2/710 1469/2/712 1470/2/610 1468/2/613
f 1199/2/396 1200/2/451 1467/2/710 1465/2/711
f 1465/2/711 1467/2/710 1468/2/613 1466/2/522
f 1198/2/397 1199/2/396 1465/2/711 1463/2/741
f 1463/2/741 1465/2/711 1466/2/522 1464/2/523
f 1197/2/403 1198/2/397 1463/2/741 1461/2/740
f 1461/2/740 1463/2/741 1464/2/523 1462/2/526
f 1196/2/407 1197/2/403 1461/2/740 1459/2/739
f 1459/2/739 1461/2/740 1462/2/526 1460/2/529
f 1195/2/411 1196/2/407 1459/2/739 1457/2/738
f 1457/2/738 1459/2/739 1460/2/529 1458/2/536
f 1194/2/415 1195/2/411 1457/2/738 1455/2/737
f 1455/2/737 1457/2/738 1458/2/536 1456/2/541
f 1193/2/419 1194/2/415 1455/2/737 1453/2/736
f 1453/2/736 1455/2/737 1456/2/541 1454/2/546
f 1192/2/423 1193/2/419 1453/2/736 1451/2/735
f 1451/2/735 1453/2/736 1454/2/546 1452/2/551
f 1191/2/427 1192/2/423 1451/2/735 1449/2/734
f 1449/2/734 1451/2/735 1452/2/551 1450/2/556
f 1190/2/431 1191/2/427 1449/2/734 1447/2/733
f 1447/2/733 1449/2/734 1450/2/556 1448/2/559
f 1216/2/435 1185/2/393 1432/2/725 1445/2/732
f 1445/2/732 1432/2/725 1431/2/560 1446/2/561
f 1189/2/437 1190/2/431 1447/2/733 1443/2/731
f 1443/2/731 1447/2/733 1448/2/559 1444/2/564
f 1215/2/441 1216/2/435 1445/2/732 1441/2/730
f 1441/2/730 1445/2/732 1446/2/561 1442/2/565
f 1188/2/443 1189/2/437 1443/2/731 1439/2/729
f 1439/2/729 1443/2/731 1444/2/564 1440/2/568
f 1214/2/447 1215/2/441 1441/2/730 1437/2/728
f 1437/2/728 1441/2/730 1442/2/565 1438/2/569
f 1187/2/449 1188/2/443 1439/2/729 1435/2/727
f 1435/2/727 1439/2/729 1440/2/568 1436/2/572
f 1213/2/453 1214/2/447 1437/2/728 1433/2/726
f 1433/2/726 1437/2/728 1438/2/569 1434/2/573
f 1186/2/392 1187/2/449 1435/2/727 1429/2/724
f 1429/2/724 1435/2/727 1436/2/572 1430/2/576
f 1212/2/400 1213/2/453 1433/2/726 1427/2/723
f 1427/2/723 1433/2/726 1434/2/573 1428/2/577
f 1185/2/393 1186/2/392 1429/2/724 1432/2/725
f 1432/2/725 1429/2/724 1430/2/576 1431/2/560
f 1211/2/401 1212/2/400 1427/2/723 1425/2/722
f 1425/2/722 1427/2/723 1428/2/577 1426/2/580
f 1210/2/405 1211/2/401 1425/2/722 1423/2/721
f 1423/2/721 1425/2/722 1426/2/580 1424/2/583
f 1209/2/409 1210/2/405 1423/2/721 1421/2/720
f 1421/2/720 1423/2/721 1424/2/583 1422/2/586
f 1208/2/413 1209/2/409 1421/2/720 1419/2/719
f 1419/2/719 1421/2/720 1422/2/586 1420/2/589
f 1207/2/417 1208/2/413 1419/2/719 1417/2/718
f 1417/2/718 1419/2/719 1420/2/589 1418/2/592
f 1206/2/421 1207/2/417 1417/2/718 1415/2/717
f 1415/2/717 1417/2/718 1418/2/592 1416/2/595
f 1205/2/425 1206/2/421 1415/2/717 1413/2/716
f 1413/2/716 1415/2/717 1416/2/595 1414/2/598
f 1204/2/429 1205/2/425 1413/2/716 1409/2/715
f 1409/2/715 1413/2/716 1414/2/598 1410/2/601
f 1203/2/433 1204/2/429 1409/2/715 1412/2/714
f 1412/2/714 1409/2/715 1410/2/601 1411/2/604
f 1176/2/662 1175/2/658 1536/2/755 1473/2/756
f 1473/2/756 1536/2/755 1535/2/574 1474/2/570
f 1175/2/658 1174/2/654 1534/2/754 1536/2/755
f 1536/2/755 1534/2/754 1533/2/578 1535/2/574
f 1174/2/654 1173/2/650 1532/2/753 1534/2/754
f 1534/2/754 1532/2/753 1531/2/581 1533/2/578
f 1173/2/650 1172/2/646 1530/2/752 1532/2/753
f 1532/2/753 1530/2/752 1529/2/584 1531/2/581
f 1172/2/646 1171/2/640 1528/2/751 1530/2/752
f 1530/2/752 1528/2/751 1527/2/587 1529/2/584
f 1171/2/640 1170/2/634 1526/2/750 1528/2/751
f 1528/2/751 1526/2/750 1525/2/590 1527/2/587
f 1170/2/634 1169/2/628 1524/2/749 1526/2/750
f 1526/2/750 1524/2/749 1523/2/593 1525/2/590
f 1169/2/628 1168/2/619 1522/2/748 1524/2/749
f 1524/2/749 1522/2/748 1521/2/596 1523/2/593
f 1168/2/619 1167/2/618 1520/2/747 1522/2/748
f 1522/2/748 1520/2/747 1519/2/599 1521/2/596
f 1167/2/618 1166/2/676 1518/2/746 1520/2/747
f 1520/2/747 1518/2/746 1517/2/602 1519/2/599
f 1166/2/676 1165/2/672 1516/2/745 1518/2/746
f 1518/2/746 1516/2/745 1515/2/605 1517/2/602
f 1165/2/672 1164/2/668 1514/2/744 1516/2/745
f 1516/2/745 1514/2/744 1513/2/608 1515/2/605
f 1164/2/668 1163/2/664 1512/2/743 1514/2/744
f 1514/2/744 1512/2/743 1511/2/611 1513/2/608
f 1163/2/664 1162/2/660 1510/2/742 1512/2/743
f 1512/2/743 1510/2/742 1509/2/521 1511/2/611
f 1162/2/660 1161/2/656 1508/2/773 1510/2/742
f 1510/2/742 1508/2/773 1507/2/518 1509/2/521
f 1161/2/656 1160/2/652 1506/2/772 1508/2/773
f 1508/2/773 1506/2/772 1505/2/524 1507/2/518
f 1160/2/652 1159/2/648 1504/2/771 1506/2/772
f 1506/2/772 1504/2/771 1503/2/527 1505/2/524
f 1159/2/648 1158/2/642 1502/2/770 1504/2/771
f 1504/2/771 1502/2/770 1501/2/530 1503/2/527
f 1153/2/644 1184/2/638 1500/2/769 1483/2/761
f 1483/2/761 1500/2/769 1499/2/532 1484/2/535
f 1158/2/642 1157/2/636 1498/2/768 1502/2/770
f 1502/2/770 1498/2/768 1497/2/537 1501/2/530
f 1184/2/638 1183/2/632 1496/2/767 1500/2/769
f 1500/2/769 1496/2/767 1495/2/539 1499/2/532
f 1157/2/636 1156/2/630 1494/2/766 1498/2/768
f 1498/2/768 1494/2/766 1493/2/542 1497/2/537
f 1183/2/632 1182/2/626 1492/2/765 1496/2/767
f 1496/2/767 1492/2/765 1491/2/544 1495/2/539
f 1156/2/630 1155/2/623 1490/2/764 1494/2/766
f 1494/2/766 1490/2/764 1489/2/547 1493/2/542
f 1182/2/626 1181/2/615 1488/2/763 1492/2/765
f 1492/2/765 1488/2/763 1487/2/549 1491/2/544
f 1155/2/623 1154/2/622 1486/2/762 1490/2/764
f 1490/2/764 1486/2/762 1485/2/552 1489/2/547
f 1181/2/615 1180/2/614 1482/2/760 1488/2/763
f 1488/2/763 1482/2/760 1481/2/554 1487/2/549
f 1154/2/622 1153/2/644 1483/2/761 1486/2/762
f 1486/2/762 1483/2/761 1484/2/535 1485/2/552
f 1180/2/614 1179/2/674 1480/2/759 1482/2/760
f 1482/2/760 1480/2/759 1479/2/557 1481/2/554
f 1179/2/674 1178/2/670 1478/2/758 1480/2/759
f 1480/2/759 1478/2/758 1477/2/562 1479/2/557
f 1178/2/670 1177/2/666 1476/2/757 1478/2/758
f 1478/2/758 1476/2/757 1475/2/566 1477/2/562
f 1177/2/666 1176/2/662 1473/2/756 1476/2/757
f 1476/2/757 1473/2/756 1474/2/570 1475/2/566
o Bomber_Wheel_Rubber_Back
v -3.783038 -0.392809 -0.099857
v -3.836907 -0.367743 -0.099857
v -3.894631 -0.353667 -0.099856
v -3.953992 -0.351123 -0.099856
v -4.012708 -0.360209 -0.099856
v -4.068524 -0.380576 -0.099856
v -4.119294 -0.411440 -0.099856
v -4.163067 -0.451615 -0.099856
v -4.198161 -0.499559 -0.099856
v -4.223228 -0.553428 -0.099856
v -4.237303 -0.611152 -0.099856
v -4.239847 -0.670513 -0.099856
v -4.230761 -0.729229 -0.099856
v -4.210395 -0.785045 -0.099856
v -4.179531 -0.835815 -0.099856
v -4.139355 -0.879588 -0.099856
v -4.091411 -0.914682 -0.099856
v -4.037542 -0.939748 -0.099856
v -3.979818 -0.953824 -0.099856
v -3.920458 -0.956368 -0.099856
v -3.861741 -0.947282 -0.099857
v -3.805925 -0.926915 -0.099857
v -3.755156 -0.896051 -0.099857
v -3.711382 -0.855875 -0.099857
v -3.676288 -0.807932 -0.099857
v -3.651222 -0.754063 -0.099857
v -3.637146 -0.696339 -0.099857
v -3.634603 -0.636978 -0.099857
v -3.643688 -0.578262 -0.099857
v -3.664055 -0.522446 -0.099857
v -3.694919 -0.471676 -0.099857
v -3.735095 -0.427903 -0.099857
v -3.783038 -0.392809 -0.303637
v -3.836907 -0.367742 -0.303637
v -3.894631 -0.353667 -0.303637
v -3.953992 -0.351123 -0.303637
v -4.012709 -0.360209 -0.303637
v -4.068524 -0.380576 -0.303637
v -4.119294 -0.411440 -0.303637
v -4.163067 -0.451615 -0.303637
v -4.198161 -0.499559 -0.303637
v -4.223228 -0.553428 -0.303637
v -4.237303 -0.611152 -0.303637
v -4.239847 -0.670513 -0.303637
v -4.230761 -0.729229 -0.303637
v -4.210395 -0.785045 -0.303637
v -4.179531 -0.835815 -0.303637
v -4.139355 -0.879588 -0.303637
v -4.091411 -0.914682 -0.303637
v -4.037542 -0.939748 -0.303637
v -3.979819 -0.953824 -0.303637
v -3.920458 -0.956368 -0.303637
v -3.861741 -0.947282 -0.303637
v -3.805926 -0.926915 -0.303637
v -3.755156 -0.896051 -0.303637
v -3.711382 -0.855875 -0.303637
v -3.676288 -0.807932 -0.303637
v -3.651222 -0.754063 -0.303637
v -3.637146 -0.696339 -0.303637
v -3.634603 -0.636978 -0.303637
v -3.643689 -0.578262 -0.303637
v -3.664055 -0.522446 -0.303637
v -3.694919 -0.471676 -0.303637
v -3.735095 -0.427903 -0.303637
v -3.852133 -0.509741 -0.090525
v -3.881862 -0.495908 -0.090525
v -3.913718 -0.488140 -0.090525
v -3.946478 -0.486736 -0.090525
v -3.978882 -0.491750 -0.090525
v -4.009686 -0.502990 -0.090525
v -4.037704 -0.520023 -0.090525
v -4.061862 -0.542195 -0.090525
v -4.081229 -0.568654 -0.090525
v -4.095063 -0.598383 -0.090525
v -4.102830 -0.630239 -0.090525
v -4.104234 -0.662999 -0.090525
v -4.099220 -0.695403 -0.090525
v -4.087980 -0.726206 -0.090525
v -4.070947 -0.754225 -0.090525
v -4.048775 -0.778382 -0.090525
v -4.022316 -0.797750 -0.090525
v -3.992588 -0.811583 -0.090525
v -3.960731 -0.819351 -0.090525
v -3.927971 -0.820755 -0.090525
v -3.895567 -0.815741 -0.090525
v -3.864764 -0.804501 -0.090525
v -3.836745 -0.787468 -0.090525
v -3.812588 -0.765296 -0.090525
v -3.793221 -0.738837 -0.090525
v -3.779387 -0.709108 -0.090525
v -3.771619 -0.677252 -0.090525
v -3.770215 -0.644492 -0.090525
v -3.775229 -0.612088 -0.090525
v -3.786469 -0.581285 -0.090525
v -3.803502 -0.553266 -0.090525
v -3.825674 -0.529109 -0.090525
v -3.852133 -0.509741 -0.312969
v -3.881862 -0.495908 -0.312969
v -3.913718 -0.488140 -0.312969
v -3.946478 -0.486736 -0.312969
v -3.978882 -0.491750 -0.312969
v -4.009686 -0.502990 -0.312969
v -4.037704 -0.520023 -0.312969
v -4.061862 -0.542195 -0.312969
v -4.081229 -0.568654 -0.312969
v -4.095063 -0.598383 -0.312969
v -4.102830 -0.630239 -0.312969
v -4.104234 -0.662999 -0.312969
v -4.099220 -0.695403 -0.312969
v -4.087980 -0.726206 -0.312968
v -4.070947 -0.754225 -0.312969
v -4.048775 -0.778382 -0.312969
v -4.022316 -0.797750 -0.312969
v -3.992588 -0.811583 -0.312969
v -3.960731 -0.819351 -0.312969
v -3.927971 -0.820755 -0.312969
v -3.895567 -0.815741 -0.312969
v -3.864764 -0.804501 -0.312969
v -3.836746 -0.787468 -0.312969
v -3.812588 -0.765296 -0.312969
v -3.793221 -0.738837 -0.312969
v -3.779387 -0.709108 -0.312969
v -3.771619 -0.677252 -0.312969
v -3.770215 -0.644492 -0.312969
v -3.775229 -0.612088 -0.312969
v -3.786469 -0.581285 -0.312969
v -3.803502 -0.553266 -0.312969
v -3.825675 -0.529109 -0.312969
v -3.707697 -0.397291 -0.161166
v -3.707697 -0.397291 -0.242328
v -3.762139 -0.357440 -0.242328
v -3.762139 -0.357440 -0.161166
v -3.985592 -0.994499 -0.161166
v -3.985592 -0.994498 -0.242328
v -3.918185 -0.997387 -0.242328
v -3.918185 -0.997387 -0.161166
v -4.086321 -0.343548 -0.161166
v -4.086321 -0.343548 -0.242328
v -4.143973 -0.378596 -0.242328
v -4.143973 -0.378596 -0.161166
v -3.851510 -0.987069 -0.242328
v -3.851510 -0.987070 -0.161166
v -4.193679 -0.424217 -0.242328
v -4.193679 -0.424217 -0.161166
v -3.788128 -0.963943 -0.242328
v -3.788128 -0.963943 -0.161166
v -4.233531 -0.478659 -0.242328
v -4.233530 -0.478659 -0.161166
v -3.730477 -0.928895 -0.242328
v -3.730477 -0.928895 -0.161166
v -4.261994 -0.539830 -0.242328
v -4.261994 -0.539830 -0.161166
v -3.680770 -0.883273 -0.242328
v -3.680770 -0.883273 -0.161166
v -4.277978 -0.605378 -0.242328
v -4.277978 -0.605378 -0.161166
v -3.640919 -0.828831 -0.242328
v -3.640919 -0.828831 -0.161166
v -4.280867 -0.672785 -0.242328
v -4.280866 -0.672785 -0.161166
v -3.612455 -0.767661 -0.242328
v -3.612455 -0.767661 -0.161166
v -4.270549 -0.739461 -0.242328
v -4.270549 -0.739461 -0.161166
v -3.596472 -0.702112 -0.242328
v -3.596472 -0.702112 -0.161166
v -4.247422 -0.802842 -0.242328
v -4.247422 -0.802842 -0.161166
v -3.593583 -0.634705 -0.242328
v -3.593583 -0.634705 -0.161166
v -4.212374 -0.860494 -0.242328
v -4.212374 -0.860494 -0.161166
v -3.823309 -0.328976 -0.242328
v -3.823309 -0.328976 -0.161166
v -3.603901 -0.568030 -0.242328
v -3.603901 -0.568030 -0.161166
v -4.166753 -0.910200 -0.242328
v -4.166753 -0.910200 -0.161166
v -3.888858 -0.312992 -0.242328
v -3.888858 -0.312992 -0.161166
v -3.627028 -0.504649 -0.242328
v -3.627028 -0.504649 -0.161166
v -4.112311 -0.950051 -0.242328
v -4.112311 -0.950051 -0.161166
v -3.956265 -0.310104 -0.242328
v -3.956265 -0.310104 -0.161166
v -3.662075 -0.446997 -0.242328
v -3.662075 -0.446997 -0.161166
v -4.051140 -0.978515 -0.242328
v -4.051140 -0.978515 -0.161166
v -4.022940 -0.320421 -0.242328
v -4.022940 -0.320421 -0.161166
v -3.835404 -0.539980 -0.144776
v -3.835405 -0.539980 -0.258718
v -3.859555 -0.522302 -0.258718
v -3.859555 -0.522302 -0.144776
v -3.958681 -0.804906 -0.144776
v -3.958681 -0.804906 -0.258718
v -3.928779 -0.806187 -0.258718
v -3.928778 -0.806187 -0.144776
v -4.003365 -0.516140 -0.144776
v -4.003365 -0.516140 -0.258717
v -4.028940 -0.531687 -0.258717
v -4.028940 -0.531687 -0.144776
v -3.899201 -0.801610 -0.258718
v -3.899201 -0.801610 -0.144776
v -4.050990 -0.551925 -0.258717
v -4.050990 -0.551925 -0.144776
v -3.871084 -0.791351 -0.258718
v -3.871084 -0.791351 -0.144776
v -4.068668 -0.576076 -0.258717
v -4.068668 -0.576076 -0.144776
v -3.845510 -0.775804 -0.258718
v -3.845510 -0.775804 -0.144776
v -4.081295 -0.603212 -0.258717
v -4.081295 -0.603212 -0.144776
v -3.823460 -0.755566 -0.258718
v -3.823460 -0.755566 -0.144776
v -4.088385 -0.632289 -0.258717
v -4.088385 -0.632289 -0.144776
v -3.805782 -0.731415 -0.258718
v -3.805781 -0.731415 -0.144776
v -4.089667 -0.662192 -0.258717
v -4.089666 -0.662192 -0.144776
v -3.793155 -0.704279 -0.258718
v -3.793155 -0.704279 -0.144776
v -4.085090 -0.691769 -0.258717
v -4.085090 -0.691769 -0.144776
v -3.786064 -0.675201 -0.258718
v -3.786064 -0.675201 -0.144776
v -4.074831 -0.719886 -0.258717
v -4.074831 -0.719886 -0.144776
v -3.784783 -0.645299 -0.258718
v -3.784783 -0.645299 -0.144776
v -4.059283 -0.745460 -0.258717
v -4.059283 -0.745460 -0.144776
v -3.886691 -0.509675 -0.258718
v -3.886691 -0.509675 -0.144776
v -3.789360 -0.615722 -0.258718
v -3.789360 -0.615722 -0.144776
v -4.039045 -0.767510 -0.258717
v -4.039045 -0.767511 -0.144776
v -3.915769 -0.502585 -0.258718
v -3.915769 -0.502585 -0.144776
v -3.799619 -0.587605 -0.258718
v -3.799619 -0.587605 -0.144776
v -4.014894 -0.785189 -0.258717
v -4.014894 -0.785189 -0.144776
v -3.945671 -0.501304 -0.258718
v -3.945671 -0.501304 -0.144776
v -3.815166 -0.562030 -0.258718
v -3.815166 -0.562030 -0.144776
v -3.987758 -0.797816 -0.258718
v -3.987758 -0.797816 -0.144776
v -3.975249 -0.505880 -0.258718
v -3.975249 -0.505880 -0.144776
v -3.922586 -0.917953 -0.330093
v -3.925179 -0.871162 -0.334967
v -3.967826 -0.869335 -0.334966
v -3.974412 -0.915732 -0.330093
v -3.871323 -0.910020 -0.330093
v -3.882994 -0.864634 -0.334967
v -3.822592 -0.892240 -0.330093
v -3.842894 -0.850002 -0.334967
v -3.778267 -0.865293 -0.330093
v -3.806419 -0.827828 -0.334967
v -3.740051 -0.830217 -0.330093
v -3.774970 -0.798964 -0.334967
v -3.709411 -0.788360 -0.330093
v -3.749757 -0.764520 -0.334967
v -3.687527 -0.741329 -0.330093
v -3.731748 -0.725818 -0.334967
v -3.675238 -0.690932 -0.330093
v -3.721636 -0.684346 -0.334967
v -3.673017 -0.639107 -0.330093
v -3.719808 -0.641699 -0.334967
v -3.849641 -0.404047 -0.330093
v -3.865152 -0.448269 -0.334967
v -3.826451 -0.466277 -0.334967
v -3.802611 -0.425932 -0.330093
v -3.680950 -0.587844 -0.330093
v -3.726336 -0.599515 -0.334967
v -3.900038 -0.391758 -0.330093
v -3.906624 -0.438156 -0.334967
v -3.698731 -0.539113 -0.330093
v -3.740968 -0.559414 -0.334967
v -3.951864 -0.389538 -0.330093
v -3.949271 -0.436329 -0.334966
v -3.725677 -0.494788 -0.330093
v -3.763142 -0.522939 -0.334967
v -4.003127 -0.397470 -0.330093
v -3.991456 -0.442856 -0.334966
v -3.760753 -0.456571 -0.330093
v -3.792006 -0.491491 -0.334967
v -4.051857 -0.415251 -0.330093
v -4.031556 -0.457488 -0.334966
v -4.096182 -0.442198 -0.330093
v -4.068031 -0.479663 -0.334966
v -4.134399 -0.477273 -0.330093
v -4.099480 -0.508527 -0.334966
v -4.165039 -0.519131 -0.330093
v -4.124693 -0.542971 -0.334966
v -4.186923 -0.566162 -0.330093
v -4.142702 -0.581673 -0.334966
v -4.199212 -0.616558 -0.330093
v -4.152814 -0.623144 -0.334966
v -4.201433 -0.668384 -0.330093
v -4.154642 -0.665792 -0.334966
v -4.193500 -0.719647 -0.330093
v -4.148114 -0.707976 -0.334966
v -4.175719 -0.768378 -0.330093
v -4.133482 -0.748076 -0.334966
v -4.148773 -0.812703 -0.330093
v -4.111308 -0.784552 -0.334966
v -4.113697 -0.850920 -0.330093
v -4.082444 -0.816000 -0.334966
v -4.071839 -0.881559 -0.330093
v -4.047999 -0.841213 -0.334966
v -4.024808 -0.903444 -0.330093
v -4.009297 -0.859222 -0.334966
v -3.740051 -0.830217 -0.073401
v -3.774970 -0.798964 -0.068527
v -3.749757 -0.764520 -0.068527
v -3.709411 -0.788360 -0.073401
v -3.731748 -0.725818 -0.068527
v -3.687527 -0.741329 -0.073401
v -3.721636 -0.684346 -0.068527
v -3.675238 -0.690932 -0.073401
v -3.719808 -0.641699 -0.068527
v -3.673017 -0.639107 -0.073401
v -3.802610 -0.425932 -0.073401
v -3.826451 -0.466278 -0.068527
v -3.865152 -0.448269 -0.068527
v -3.849641 -0.404047 -0.073401
v -3.726336 -0.599515 -0.068527
v -3.680949 -0.587844 -0.073401
v -3.906624 -0.438156 -0.068527
v -3.900038 -0.391759 -0.073401
v -3.740968 -0.559414 -0.068527
v -3.698731 -0.539113 -0.073401
v -3.949271 -0.436329 -0.068527
v -3.951864 -0.389538 -0.073401
v -3.763142 -0.522939 -0.068527
v -3.725677 -0.494788 -0.073401
v -3.991455 -0.442856 -0.068527
v -4.003127 -0.397470 -0.073401
v -3.792006 -0.491491 -0.068527
v -3.760753 -0.456571 -0.073401
v -4.031556 -0.457489 -0.068527
v -4.051857 -0.415251 -0.073401
v -4.068031 -0.479663 -0.068527
v -4.096182 -0.442198 -0.073401
v -4.099480 -0.508527 -0.068527
v -4.134399 -0.477274 -0.073401
v -4.124692 -0.542971 -0.068527
v -4.165038 -0.519131 -0.073401
v -4.142702 -0.581673 -0.068527
v -4.186923 -0.566162 -0.073401
v -4.152814 -0.623144 -0.068527
v -4.199212 -0.616559 -0.073401
v -4.154641 -0.665792 -0.068527
v -4.201432 -0.668384 -0.073401
v -4.148114 -0.707976 -0.068527
v -4.193500 -0.719647 -0.073401
v -4.133482 -0.748076 -0.068527
v -4.175719 -0.768378 -0.073401
v -4.111308 -0.784552 -0.068527
v -4.148773 -0.812703 -0.073401
v -4.082444 -0.816000 -0.068527
v -4.113697 -0.850920 -0.073401
v -4.047999 -0.841213 -0.068527
v -4.071839 -0.881559 -0.073401
v -4.009297 -0.859222 -0.068527
v -4.024808 -0.903444 -0.073401
v -3.967826 -0.869335 -0.068527
v -3.974411 -0.915732 -0.073401
v -3.925179 -0.871162 -0.068527
v -3.922586 -0.917953 -0.073401
v -3.882994 -0.864634 -0.068527
v -3.871323 -0.910021 -0.073401
v -3.842894 -0.850002 -0.068527
v -3.822592 -0.892240 -0.073401
v -3.806418 -0.827828 -0.068527
v -3.778267 -0.865293 -0.073401
v -3.783038 -0.392809 0.303644
v -3.735095 -0.427903 0.303644
v -3.694919 -0.471676 0.303644
v -3.664055 -0.522446 0.303644
v -3.643689 -0.578262 0.303644
v -3.634603 -0.636978 0.303644
v -3.637146 -0.696339 0.303644
v -3.651222 -0.754063 0.303644
v -3.676289 -0.807932 0.303644
v -3.711383 -0.855875 0.303644
v -3.755156 -0.896051 0.303644
v -3.805926 -0.926915 0.303644
v -3.861741 -0.947281 0.303644
v -3.920458 -0.956367 0.303644
v -3.979819 -0.953824 0.303644
v -4.037542 -0.939748 0.303644
v -4.091412 -0.914682 0.303644
v -4.139355 -0.879588 0.303644
v -4.179531 -0.835815 0.303644
v -4.210395 -0.785045 0.303644
v -4.230761 -0.729229 0.303644
v -4.239847 -0.670512 0.303644
v -4.237303 -0.611152 0.303644
v -4.223228 -0.553428 0.303644
v -4.198162 -0.499559 0.303644
v -4.163067 -0.451615 0.303644
v -4.119294 -0.411440 0.303644
v -4.068524 -0.380575 0.303644
v -4.012709 -0.360209 0.303644
v -3.953992 -0.351123 0.303644
v -3.894631 -0.353667 0.303644
v -3.836907 -0.367742 0.303644
v -3.783039 -0.392809 0.099863
v -3.735095 -0.427903 0.099863
v -3.694919 -0.471676 0.099863
v -3.664055 -0.522446 0.099863
v -3.643689 -0.578262 0.099863
v -3.634603 -0.636978 0.099863
v -3.637146 -0.696339 0.099863
v -3.651222 -0.754063 0.099863
v -3.676289 -0.807932 0.099863
v -3.711383 -0.855875 0.099863
v -3.755156 -0.896051 0.099863
v -3.805926 -0.926915 0.099863
v -3.861741 -0.947281 0.099863
v -3.920458 -0.956367 0.099863
v -3.979819 -0.953824 0.099863
v -4.037543 -0.939748 0.099863
v -4.091412 -0.914682 0.099863
v -4.139355 -0.879588 0.099863
v -4.179531 -0.835814 0.099863
v -4.210395 -0.785045 0.099863
v -4.230762 -0.729229 0.099863
v -4.239847 -0.670512 0.099864
v -4.237304 -0.611152 0.099864
v -4.223228 -0.553428 0.099864
v -4.198162 -0.499559 0.099864
v -4.163067 -0.451615 0.099864
v -4.119294 -0.411439 0.099863
v -4.068524 -0.380575 0.099863
v -4.012709 -0.360209 0.099863
v -3.953992 -0.351123 0.099863
v -3.894631 -0.353667 0.099863
v -3.836907 -0.367742 0.099863
v -3.852133 -0.509741 0.312975
v -3.825675 -0.529109 0.312975
v -3.803503 -0.553266 0.312975
v -3.786469 -0.581285 0.312975
v -3.775230 -0.612088 0.312975
v -3.770216 -0.644492 0.312975
v -3.771619 -0.677252 0.312975
v -3.779387 -0.709108 0.312975
v -3.793221 -0.738837 0.312975
v -3.812588 -0.765296 0.312975
v -3.836746 -0.787468 0.312975
v -3.864764 -0.804501 0.312975
v -3.895567 -0.815741 0.312975
v -3.927972 -0.820755 0.312975
v -3.960731 -0.819351 0.312975
v -3.992588 -0.811583 0.312975
v -4.022316 -0.797750 0.312975
v -4.048775 -0.778382 0.312975
v -4.070947 -0.754225 0.312975
v -4.087980 -0.726206 0.312975
v -4.099220 -0.695403 0.312975
v -4.104235 -0.662999 0.312975
v -4.102831 -0.630239 0.312975
v -4.095063 -0.598382 0.312975
v -4.081229 -0.568654 0.312975
v -4.061862 -0.542195 0.312975
v -4.037704 -0.520023 0.312975
v -4.009686 -0.502990 0.312975
v -3.978883 -0.491750 0.312975
v -3.946478 -0.486736 0.312975
v -3.913718 -0.488140 0.312975
v -3.881862 -0.495908 0.312975
v -3.852134 -0.509741 0.090532
v -3.825675 -0.529109 0.090532
v -3.803503 -0.553266 0.090532
v -3.786469 -0.581284 0.090532
v -3.775230 -0.612088 0.090532
v -3.770216 -0.644492 0.090532
v -3.771619 -0.677252 0.090532
v -3.779387 -0.709108 0.090532
v -3.793221 -0.738837 0.090532
v -3.812588 -0.765296 0.090532
v -3.836746 -0.787468 0.090532
v -3.864764 -0.804501 0.090532
v -3.895568 -0.815740 0.090532
v -3.927972 -0.820755 0.090532
v -3.960732 -0.819351 0.090532
v -3.992588 -0.811583 0.090532
v -4.022316 -0.797749 0.090532
v -4.048776 -0.778382 0.090532
v -4.070948 -0.754225 0.090532
v -4.087981 -0.726206 0.090532
v -4.099220 -0.695403 0.090532
v -4.104235 -0.662999 0.090532
v -4.102831 -0.630239 0.090532
v -4.095063 -0.598382 0.090532
v -4.081229 -0.568654 0.090532
v -4.061862 -0.542195 0.090532
v -4.037704 -0.520023 0.090532
v -4.009686 -0.502990 0.090532
v -3.978883 -0.491750 0.090532
v -3.946478 -0.486736 0.090532
v -3.913719 -0.488140 0.090532
v -3.881862 -0.495907 0.090532
v -3.823310 -0.328976 0.242334
v -3.823310 -0.328976 0.161173
v -3.762139 -0.357440 0.161173
v -3.762139 -0.357440 0.242334
v -4.212375 -0.860493 0.242335
v -4.212375 -0.860493 0.161173
v -4.247422 -0.802842 0.161173
v -4.247422 -0.802842 0.242335
v -3.593583 -0.634705 0.242334
v -3.593583 -0.634705 0.161173
v -3.596472 -0.702112 0.161173
v -3.596472 -0.702112 0.242334
v -4.270549 -0.739460 0.161173
v -4.270549 -0.739460 0.242335
v -3.612455 -0.767661 0.161173
v -3.612455 -0.767661 0.242334
v -4.280867 -0.672785 0.161173
v -4.280867 -0.672785 0.242335
v -3.640919 -0.828831 0.161173
v -3.640919 -0.828831 0.242334
v -4.277978 -0.605378 0.161173
v -4.277978 -0.605378 0.242335
v -3.680770 -0.883273 0.161173
v -3.680770 -0.883273 0.242334
v -4.261995 -0.539830 0.161173
v -4.261995 -0.539830 0.242335
v -3.730477 -0.928895 0.161173
v -3.730477 -0.928895 0.242334
v -4.233531 -0.478659 0.161173
v -4.233531 -0.478659 0.242335
v -3.788128 -0.963942 0.161173
v -3.788128 -0.963942 0.242334
v -4.193679 -0.424217 0.161173
v -4.193679 -0.424217 0.242335
v -3.851510 -0.987069 0.161173
v -3.851510 -0.987069 0.242334
v -4.143973 -0.378596 0.161173
v -4.143973 -0.378596 0.242335
v -3.918185 -0.997387 0.161173
v -3.918185 -0.997387 0.242334
v -4.086321 -0.343548 0.161173
v -4.086321 -0.343548 0.242335
v -3.985592 -0.994498 0.161173
v -3.985592 -0.994498 0.242334
v -3.707697 -0.397291 0.161173
v -3.707697 -0.397291 0.242334
v -4.022940 -0.320421 0.161173
v -4.022940 -0.320421 0.242335
v -4.051140 -0.978515 0.161173
v -4.051140 -0.978515 0.242334
v -3.662076 -0.446997 0.161173
v -3.662075 -0.446997 0.242334
v -3.956265 -0.310104 0.161173
v -3.956265 -0.310104 0.242335
v -4.112311 -0.950051 0.161173
v -4.112311 -0.950051 0.242335
v -3.627028 -0.504649 0.161173
v -3.627028 -0.504649 0.242334
v -3.888858 -0.312992 0.161173
v -3.888858 -0.312992 0.242334
v -4.166753 -0.910200 0.161173
v -4.166753 -0.910200 0.242335
v -3.603901 -0.568030 0.161173
v -3.603901 -0.568030 0.242334
v -3.886691 -0.509675 0.258724
v -3.886691 -0.509675 0.144783
v -3.859556 -0.522302 0.144783
v -3.859555 -0.522302 0.258724
v -4.059283 -0.745460 0.258725
v -4.059283 -0.745460 0.144783
v -4.074831 -0.719886 0.144783
v -4.074831 -0.719886 0.258725
v -3.784783 -0.645299 0.258724
v -3.784783 -0.645299 0.144783
v -3.786065 -0.675201 0.144783
v -3.786064 -0.675201 0.258724
v -4.085090 -0.691769 0.144783
v -4.085090 -0.691769 0.258725
v -3.793155 -0.704279 0.144783
v -3.793155 -0.704279 0.258724
v -4.089667 -0.662192 0.144783
v -4.089667 -0.662192 0.258725
v -3.805782 -0.731415 0.144783
v -3.805782 -0.731415 0.258724
v -4.088386 -0.632289 0.144783
v -4.088386 -0.632289 0.258725
v -3.823460 -0.755566 0.144783
v -3.823460 -0.755566 0.258724
v -4.081295 -0.603212 0.144783
v -4.081295 -0.603212 0.258725
v -3.845510 -0.775804 0.144783
v -3.845510 -0.775804 0.258724
v -4.068668 -0.576076 0.144783
v -4.068668 -0.576076 0.258725
v -3.871085 -0.791351 0.144783
v -3.871085 -0.791351 0.258724
v -4.050990 -0.551925 0.144783
v -4.050990 -0.551925 0.258725
v -3.899201 -0.801610 0.144783
v -3.899201 -0.801610 0.258724
v -4.028940 -0.531687 0.144783
v -4.028940 -0.531687 0.258725
v -3.928779 -0.806187 0.144783
v -3.928779 -0.806187 0.258724
v -4.003366 -0.516140 0.144783
v -4.003365 -0.516140 0.258725
v -3.958681 -0.804906 0.144783
v -3.958681 -0.804906 0.258724
v -3.835405 -0.539980 0.144783
v -3.835405 -0.539980 0.258724
v -3.975249 -0.505880 0.144783
v -3.975249 -0.505880 0.258724
v -3.987759 -0.797815 0.144783
v -3.987759 -0.797815 0.258724
v -3.815167 -0.562030 0.144783
v -3.815167 -0.562030 0.258724
v -3.945671 -0.501303 0.144783
v -3.945671 -0.501303 0.258724
v -4.014894 -0.785188 0.144783
v -4.014894 -0.785188 0.258725
v -3.799619 -0.587605 0.144783
v -3.799619 -0.587605 0.258724
v -3.915769 -0.502585 0.144783
v -3.915769 -0.502585 0.258724
v -4.039045 -0.767510 0.144783
v -4.039045 -0.767510 0.258725
v -3.789360 -0.615721 0.144783
v -3.789360 -0.615721 0.258724
v -4.175719 -0.768378 0.073408
v -4.133482 -0.748076 0.068534
v -4.111308 -0.784552 0.068534
v -4.148773 -0.812703 0.073408
v -4.193500 -0.719647 0.073408
v -4.148114 -0.707976 0.068534
v -4.201433 -0.668384 0.073408
v -4.154642 -0.665792 0.068534
v -4.199212 -0.616558 0.073408
v -4.152814 -0.623144 0.068534
v -4.186923 -0.566162 0.073408
v -4.142702 -0.581673 0.068534
v -4.165039 -0.519131 0.073408
v -4.124693 -0.542971 0.068534
v -4.134399 -0.477273 0.073408
v -4.099480 -0.508526 0.068534
v -4.096183 -0.442197 0.073408
v -4.068031 -0.479662 0.068534
v -4.051857 -0.415251 0.073408
v -4.031556 -0.457488 0.068534
v -3.760753 -0.456571 0.073407
v -3.792006 -0.491490 0.068534
v -3.826451 -0.466277 0.068534
v -3.802611 -0.425932 0.073407
v -4.003127 -0.397470 0.073408
v -3.991456 -0.442856 0.068534
v -3.725677 -0.494788 0.073407
v -3.763142 -0.522939 0.068534
v -3.951864 -0.389538 0.073408
v -3.949271 -0.436329 0.068534
v -3.698731 -0.539113 0.073407
v -3.740968 -0.559414 0.068534
v -3.900038 -0.391758 0.073408
v -3.906624 -0.438156 0.068534
v -3.680950 -0.587843 0.073407
v -3.726336 -0.599515 0.068534
v -3.849642 -0.404047 0.073407
v -3.865153 -0.448269 0.068534
v -3.673018 -0.639106 0.073407
v -3.719808 -0.641699 0.068534
v -3.675238 -0.690932 0.073407
v -3.721636 -0.684346 0.068534
v -3.687527 -0.741329 0.073407
v -3.731748 -0.725818 0.068534
v -3.709412 -0.788359 0.073407
v -3.749757 -0.764519 0.068534
v -3.740051 -0.830217 0.073407
v -3.774970 -0.798964 0.068534
v -3.778267 -0.865293 0.073407
v -3.806419 -0.827828 0.068534
v -3.822593 -0.892239 0.073407
v -3.842894 -0.850002 0.068534
v -3.871323 -0.910020 0.073407
v -3.882994 -0.864634 0.068534
v -3.922586 -0.917953 0.073407
v -3.925179 -0.871162 0.068534
v -3.974412 -0.915732 0.073408
v -3.967826 -0.869334 0.068534
v -4.024808 -0.903443 0.073408
v -4.009297 -0.859222 0.068534
v -4.071839 -0.881559 0.073408
v -4.047999 -0.841213 0.068534
v -4.113697 -0.850919 0.073408
v -4.082444 -0.816000 0.068534
v -4.186923 -0.566162 0.330100
v -4.142702 -0.581673 0.334973
v -4.124693 -0.542971 0.334973
v -4.165039 -0.519131 0.330100
v -4.099480 -0.508527 0.334973
v -4.134399 -0.477273 0.330100
v -4.068031 -0.479662 0.334973
v -4.096182 -0.442198 0.330100
v -4.031556 -0.457488 0.334973
v -4.051857 -0.415251 0.330100
v -3.802611 -0.425932 0.330100
v -3.826451 -0.466277 0.334973
v -3.792006 -0.491491 0.334973
v -3.760753 -0.456571 0.330100
v -3.991456 -0.442856 0.334973
v -4.003127 -0.397470 0.330100
v -3.763142 -0.522939 0.334973
v -3.725677 -0.494788 0.330100
v -3.949271 -0.436329 0.334973
v -3.951864 -0.389538 0.330100
v -3.740968 -0.559414 0.334973
v -3.698731 -0.539113 0.330100
v -3.906624 -0.438156 0.334973
v -3.900038 -0.391758 0.330100
v -3.726336 -0.599515 0.334973
v -3.680950 -0.587843 0.330100
v -3.865152 -0.448269 0.334973
v -3.849642 -0.404047 0.330100
v -3.719808 -0.641699 0.334973
v -3.673017 -0.639107 0.330100
v -3.721636 -0.684346 0.334973
v -3.675238 -0.690932 0.330100
v -3.731748 -0.725818 0.334973
v -3.687527 -0.741329 0.330100
v -3.749757 -0.764519 0.334973
v -3.709411 -0.788360 0.330100
v -3.774970 -0.798964 0.334973
v -3.740051 -0.830217 0.330100
v -3.806419 -0.827828 0.334973
v -3.778267 -0.865293 0.330100
v -3.842894 -0.850002 0.334973
v -3.822592 -0.892239 0.330100
v -3.882994 -0.864634 0.334973
v -3.871323 -0.910020 0.330100
v -3.925179 -0.871162 0.334973
v -3.922586 -0.917953 0.330100
v -3.967826 -0.869334 0.334973
v -3.974412 -0.915732 0.330100
v -4.009297 -0.859222 0.334973
v -4.024808 -0.903443 0.330100
v -4.047999 -0.841213 0.334973
v -4.071839 -0.881559 0.330100
v -4.082444 -0.816000 0.334973
v -4.113697 -0.850919 0.330100
v -4.111308 -0.784552 0.334973
v -4.148773 -0.812703 0.330100
v -4.133482 -0.748076 0.334973
v -4.175719 -0.768378 0.330100
v -4.148114 -0.707976 0.334973
v -4.193500 -0.719647 0.330100
v -4.154642 -0.665792 0.334973
v -4.201433 -0.668384 0.330100
v -4.152814 -0.623144 0.334973
v -4.199212 -0.616558 0.330100
vn 0.4875 0.8250 -0.2860
vn 0.6391 0.7140 -0.2860
vn 0.4782 0.5343 -0.6970
vn 0.3648 0.6173 -0.6970
vn 0.0530 -0.9568 -0.2860
vn -0.1347 -0.9487 -0.2860
vn -0.1008 -0.7099 -0.6970
vn 0.0397 -0.7159 -0.6970
vn -0.5756 0.7661 -0.2860
vn -0.4151 0.8637 -0.2860
vn -0.3106 0.6463 -0.6970
vn -0.4307 0.5733 -0.6970
vn 0.2386 -0.9280 -0.2860
vn 0.1786 -0.6945 -0.6970
vn -0.7140 0.6391 -0.2860
vn -0.5343 0.4782 -0.6970
vn 0.4151 -0.8637 -0.2860
vn 0.3106 -0.6463 -0.6970
vn -0.8250 0.4875 -0.2860
vn -0.6173 0.3648 -0.6970
vn 0.5756 -0.7661 -0.2860
vn 0.4307 -0.5733 -0.6970
vn -0.9042 0.3172 -0.2860
vn -0.6766 0.2373 -0.6970
vn 0.7140 -0.6391 -0.2860
vn 0.5343 -0.4782 -0.6970
vn -0.9487 0.1347 -0.2860
vn -0.7099 0.1008 -0.6970
vn 0.8250 -0.4875 -0.2860
vn 0.6173 -0.3648 -0.6970
vn -0.9568 -0.0530 -0.2860
vn -0.7159 -0.0397 -0.6970
vn 0.9042 -0.3172 -0.2860
vn 0.6766 -0.2373 -0.6970
vn -0.9280 -0.2386 -0.2860
vn -0.6945 -0.1786 -0.6970
vn 0.9487 -0.1347 -0.2860
vn 0.7099 -0.1008 -0.6970
vn -0.8637 -0.4151 -0.2860
vn -0.6463 -0.3106 -0.6970
vn 0.9568 0.0530 -0.2860
vn 0.7159 0.0397 -0.6970
vn -0.7661 -0.5756 -0.2860
vn -0.5733 -0.4307 -0.6970
vn 0.3172 0.9042 -0.2860
vn 0.2373 0.6766 -0.6970
vn 0.9280 0.2386 -0.2860
vn 0.6945 0.1786 -0.6970
vn -0.6391 -0.7140 -0.2860
vn -0.4782 -0.5343 -0.6970
vn 0.1347 0.9487 -0.2860
vn 0.1008 0.7099 -0.6970
vn 0.8637 0.4151 -0.2860
vn 0.6463 0.3106 -0.6970
vn -0.4875 -0.8250 -0.2860
vn -0.3648 -0.6173 -0.6970
vn -0.0530 0.9568 -0.2860
vn -0.0397 0.7159 -0.6970
vn 0.7661 0.5756 -0.2860
vn 0.5732 0.4307 -0.6970
vn -0.3172 -0.9042 -0.2860
vn -0.2373 -0.6766 -0.6970
vn -0.2386 0.9280 -0.2860
vn -0.1786 0.6945 -0.6970
vn -0.5043 -0.8534 -0.1321
vn -0.3793 -0.6418 -0.6665
vn -0.4972 -0.5555 -0.6665
vn -0.6611 -0.7386 -0.1321
vn -0.0548 0.9897 -0.1321
vn -0.0412 0.7444 -0.6665
vn 0.1048 0.7381 -0.6665
vn 0.1393 0.9814 -0.1321
vn 0.5955 -0.7925 -0.1321
vn 0.4478 -0.5960 -0.6665
vn 0.3230 -0.6719 -0.6665
vn 0.4294 -0.8934 -0.1321
vn -0.2469 0.9600 -0.1321
vn -0.1857 0.7220 -0.6665
vn 0.7386 -0.6611 -0.1321
vn 0.5555 -0.4972 -0.6665
vn -0.4294 0.8934 -0.1321
vn -0.3230 0.6719 -0.6665
vn 0.8534 -0.5043 -0.1321
vn 0.6418 -0.3793 -0.6665
vn -0.5955 0.7925 -0.1321
vn -0.4478 0.5960 -0.6665
vn 0.9354 -0.3281 -0.1321
vn 0.7035 -0.2467 -0.6665
vn -0.7386 0.6611 -0.1321
vn -0.5555 0.4972 -0.6665
vn 0.9814 -0.1393 -0.1321
vn 0.7381 -0.1048 -0.6665
vn -0.8534 0.5043 -0.1321
vn -0.6418 0.3793 -0.6665
vn 0.9897 0.0548 -0.1321
vn 0.7444 0.0412 -0.6665
vn -0.9354 0.3281 -0.1321
vn -0.7035 0.2467 -0.6665
vn 0.9600 0.2469 -0.1321
vn 0.7220 0.1857 -0.6665
vn -0.9814 0.1393 -0.1321
vn -0.7381 0.1048 -0.6665
vn 0.8934 0.4294 -0.1321
vn 0.6719 0.3230 -0.6665
vn -0.9897 -0.0548 -0.1321
vn -0.7444 -0.0412 -0.6665
vn 0.7925 0.5955 -0.1321
vn 0.5960 0.4478 -0.6665
vn -0.3281 -0.9354 -0.1321
vn -0.2467 -0.7035 -0.6665
vn -0.9600 -0.2469 -0.1321
vn -0.7220 -0.1857 -0.6665
vn 0.6611 0.7386 -0.1321
vn 0.4972 0.5555 -0.6665
vn -0.1393 -0.9814 -0.1321
vn -0.1048 -0.7381 -0.6665
vn -0.8934 -0.4294 -0.1321
vn -0.6719 -0.3230 -0.6665
vn 0.5043 0.8534 -0.1321
vn 0.3792 0.6418 -0.6665
vn 0.0548 -0.9897 -0.1321
vn 0.0412 -0.7444 -0.6665
vn -0.7925 -0.5955 -0.1321
vn -0.5960 -0.4478 -0.6665
vn 0.3281 0.9354 -0.1321
vn 0.2467 0.7035 -0.6665
vn 0.2469 -0.9600 -0.1321
vn 0.1857 -0.7220 -0.6665
vn -0.1183 0.0699 0.9905
vn -0.6418 0.3792 0.6665
vn -0.5555 0.4972 0.6665
vn -0.1024 0.0917 0.9905
vn 0.0193 0.1361 -0.9905
vn -0.0076 0.1372 -0.9905
vn -0.1297 0.0455 0.9905
vn -0.7035 0.2467 0.6665
vn -0.0342 0.1331 -0.9905
vn -0.1361 0.0193 0.9905
vn -0.7381 0.1048 0.6665
vn -0.0595 0.1239 -0.9905
vn -0.1372 -0.0076 0.9905
vn -0.7444 -0.0412 0.6665
vn -0.0455 -0.1297 0.9905
vn -0.2467 -0.7035 0.6665
vn -0.3792 -0.6418 0.6665
vn -0.0699 -0.1183 0.9905
vn -0.0826 0.1099 -0.9905
vn -0.1331 -0.0342 0.9905
vn -0.7220 -0.1857 0.6665
vn -0.0193 -0.1361 0.9905
vn -0.1048 -0.7381 0.6665
vn -0.1024 0.0917 -0.9905
vn -0.1239 -0.0595 0.9905
vn -0.6719 -0.3230 0.6665
vn 0.0076 -0.1372 0.9905
vn 0.0412 -0.7444 0.6665
vn -0.1183 0.0699 -0.9905
vn -0.1099 -0.0826 0.9905
vn -0.5960 -0.4478 0.6665
vn 0.0342 -0.1331 0.9905
vn 0.1857 -0.7220 0.6665
vn -0.1297 0.0455 -0.9905
vn -0.0917 -0.1024 0.9905
vn -0.4972 -0.5555 0.6665
vn 0.0595 -0.1239 0.9905
vn 0.3230 -0.6719 0.6665
vn -0.1361 0.0193 -0.9905
vn 0.0826 -0.1099 0.9905
vn 0.4478 -0.5960 0.6665
vn -0.1372 -0.0076 -0.9905
vn -0.0699 -0.1183 -0.9905
vn -0.0455 -0.1297 -0.9905
vn 0.1024 -0.0917 0.9905
vn 0.5555 -0.4972 0.6665
vn -0.1331 -0.0342 -0.9905
vn -0.0193 -0.1361 -0.9905
vn 0.1183 -0.0699 0.9905
vn 0.6418 -0.3793 0.6665
vn -0.1239 -0.0595 -0.9905
vn 0.0076 -0.1372 -0.9905
vn 0.1297 -0.0455 0.9905
vn 0.7035 -0.2468 0.6665
vn -0.1099 -0.0826 -0.9905
vn 0.0342 -0.1331 -0.9905
vn 0.1361 -0.0193 0.9905
vn 0.7381 -0.1048 0.6665
vn -0.0917 -0.1024 -0.9905
vn 0.0595 -0.1239 -0.9905
vn 0.1372 0.0076 0.9905
vn 0.7444 0.0412 0.6665
vn 0.0826 -0.1099 -0.9905
vn 0.1331 0.0342 0.9905
vn 0.7220 0.1857 0.6665
vn 0.1024 -0.0917 -0.9905
vn 0.1239 0.0595 0.9905
vn 0.6719 0.3230 0.6665
vn 0.1183 -0.0699 -0.9905
vn 0.1099 0.0826 0.9905
vn 0.5960 0.4478 0.6665
vn 0.1297 -0.0455 -0.9905
vn 0.0917 0.1024 0.9905
vn 0.4972 0.5555 0.6665
vn 0.1361 -0.0193 -0.9905
vn 0.0699 0.1183 0.9905
vn 0.3793 0.6418 0.6665
vn 0.1372 0.0076 -0.9905
vn 0.0455 0.1297 0.9905
vn 0.2468 0.7035 0.6665
vn 0.1331 0.0342 -0.9905
vn 0.0193 0.1361 0.9905
vn 0.1048 0.7381 0.6665
vn 0.1239 0.0595 -0.9905
vn -0.0076 0.1372 0.9905
vn -0.0412 0.7444 0.6665
vn 0.1099 0.0826 -0.9905
vn -0.0342 0.1331 0.9905
vn -0.1857 0.7220 0.6665
vn 0.0917 0.1024 -0.9905
vn -0.0595 0.1239 0.9905
vn -0.3230 0.6719 0.6665
vn 0.0699 0.1183 -0.9905
vn -0.0826 0.1099 0.9905
vn -0.4478 0.5960 0.6665
vn 0.0455 0.1297 -0.9905
vn -0.3106 0.6463 0.6970
vn -0.1786 0.6945 0.6970
vn -0.2386 0.9280 0.2860
vn -0.4151 0.8637 0.2860
vn -0.1008 -0.7099 0.6970
vn -0.2373 -0.6766 0.6970
vn -0.3172 -0.9042 0.2860
vn -0.1347 -0.9487 0.2860
vn 0.4782 0.5343 0.6970
vn 0.5733 0.4307 0.6970
vn 0.7661 0.5756 0.2860
vn 0.6391 0.7140 0.2860
vn -0.0397 0.7159 0.6970
vn -0.0530 0.9568 0.2860
vn -0.3648 -0.6173 0.6970
vn -0.4875 -0.8250 0.2860
vn 0.6463 0.3106 0.6970
vn 0.8637 0.4151 0.2860
vn 0.1008 0.7099 0.6970
vn 0.1347 0.9487 0.2860
vn -0.4782 -0.5343 0.6970
vn -0.6391 -0.7140 0.2860
vn 0.6945 0.1786 0.6970
vn 0.9280 0.2386 0.2860
vn 0.2373 0.6766 0.6970
vn 0.3172 0.9042 0.2860
vn -0.5733 -0.4307 0.6970
vn -0.7661 -0.5756 0.2860
vn 0.7159 0.0397 0.6970
vn 0.9568 0.0530 0.2860
vn 0.3648 0.6173 0.6970
vn 0.4875 0.8250 0.2860
vn -0.6463 -0.3106 0.6970
vn -0.8637 -0.4151 0.2860
vn 0.7099 -0.1008 0.6970
vn 0.9487 -0.1347 0.2860
vn -0.6945 -0.1786 0.6970
vn -0.9280 -0.2386 0.2860
vn 0.6766 -0.2373 0.6970
vn 0.9042 -0.3172 0.2860
vn -0.7159 -0.0397 0.6970
vn -0.9568 -0.0530 0.2860
vn 0.6173 -0.3648 0.6970
vn 0.8250 -0.4875 0.2860
vn -0.7099 0.1008 0.6970
vn -0.9487 0.1347 0.2860
vn 0.5343 -0.4782 0.6970
vn 0.7140 -0.6391 0.2860
vn -0.6766 0.2373 0.6970
vn -0.9042 0.3172 0.2860
vn 0.4307 -0.5733 0.6970
vn 0.5756 -0.7661 0.2860
vn -0.6173 0.3648 0.6970
vn -0.8250 0.4875 0.2860
vn 0.3106 -0.6463 0.6970
vn 0.4151 -0.8637 0.2860
vn -0.5343 0.4782 0.6970
vn -0.7140 0.6391 0.2860
vn 0.1786 -0.6945 0.6970
vn 0.2386 -0.9280 0.2860
vn -0.4307 0.5733 0.6970
vn -0.5756 0.7661 0.2860
vn 0.0397 -0.7159 0.6970
vn 0.0530 -0.9568 0.2860
vn 0.4294 -0.8934 0.1321
vn 0.2469 -0.9600 0.1321
vn 0.1393 0.9814 0.1321
vn 0.3281 0.9354 0.1321
vn -0.6611 -0.7386 0.1321
vn -0.7925 -0.5955 0.1321
vn 0.0548 -0.9897 0.1321
vn 0.5043 0.8534 0.1321
vn -0.8934 -0.4294 0.1321
vn -0.1393 -0.9814 0.1321
vn 0.6611 0.7386 0.1321
vn -0.9600 -0.2469 0.1321
vn -0.3281 -0.9354 0.1321
vn 0.7925 0.5955 0.1321
vn -0.9897 -0.0548 0.1321
vn -0.5043 -0.8534 0.1321
vn 0.8934 0.4294 0.1321
vn -0.9814 0.1393 0.1321
vn 0.9600 0.2469 0.1321
vn -0.9354 0.3281 0.1321
vn 0.9897 0.0548 0.1321
vn -0.8534 0.5043 0.1321
vn 0.9814 -0.1393 0.1321
vn -0.7386 0.6611 0.1321
vn 0.9354 -0.3281 0.1321
vn -0.5955 0.7925 0.1321
vn 0.8534 -0.5043 0.1321
vn -0.4294 0.8934 0.1321
vn 0.7386 -0.6611 0.1321
vn -0.2469 0.9600 0.1321
vn 0.5955 -0.7925 0.1321
vn -0.0548 0.9897 0.1321
vn -0.1189 -0.3389 -0.9333
vn -0.0505 -0.3556 -0.9333
vn -0.1827 -0.3092 -0.9333
vn -0.2395 -0.2676 -0.9333
vn -0.2871 -0.2157 -0.9333
vn -0.3237 -0.1556 -0.9333
vn -0.3478 -0.0894 -0.9333
vn -0.3586 -0.0199 -0.9333
vn -0.3556 0.0505 -0.9333
vn -0.3389 0.1189 -0.9333
vn -0.3092 0.1827 -0.9333
vn -0.2676 0.2395 -0.9333
vn -0.2157 0.2871 -0.9333
vn -0.1556 0.3237 -0.9333
vn 0.2395 0.2676 -0.9333
vn 0.1827 0.3092 -0.9333
vn -0.0894 0.3478 -0.9333
vn 0.2871 0.2157 -0.9333
vn -0.0199 0.3586 -0.9333
vn 0.3237 0.1556 -0.9333
vn 0.0505 0.3556 -0.9333
vn 0.3478 0.0894 -0.9333
vn 0.1189 0.3389 -0.9333
vn 0.3586 0.0199 -0.9333
vn 0.3556 -0.0505 -0.9333
vn 0.3389 -0.1189 -0.9333
vn 0.3092 -0.1827 -0.9333
vn 0.2676 -0.2395 -0.9333
vn 0.2157 -0.2871 -0.9333
vn 0.1556 -0.3237 -0.9333
vn 0.0894 -0.3478 -0.9333
vn 0.0199 -0.3586 -0.9333
vn 0.2676 -0.2395 0.9333
vn 0.2157 -0.2871 0.9333
vn 0.1556 -0.3237 0.9333
vn 0.0894 -0.3478 0.9333
vn 0.0199 -0.3586 0.9333
vn -0.0505 -0.3556 0.9333
vn -0.1189 -0.3389 0.9333
vn -0.1827 -0.3092 0.9333
vn -0.2395 -0.2676 0.9333
vn -0.2871 -0.2157 0.9333
vn -0.3237 -0.1556 0.9333
vn -0.3478 -0.0894 0.9333
vn -0.3586 -0.0199 0.9333
vn -0.3556 0.0505 0.9333
vn -0.3389 0.1189 0.9333
vn -0.3092 0.1827 0.9333
vn -0.2676 0.2395 0.9333
vn -0.2157 0.2871 0.9333
vn -0.1556 0.3237 0.9333
vn 0.1827 0.3092 0.9333
vn 0.2395 0.2676 0.9333
vn -0.0894 0.3478 0.9333
vn 0.2871 0.2157 0.9333
vn -0.0199 0.3586 0.9333
vn 0.3237 0.1556 0.9333
vn 0.0505 0.3556 0.9333
vn 0.3478 0.0894 0.9333
vn 0.1189 0.3389 0.9333
vn 0.3586 0.0199 0.9333
vn 0.3556 -0.0505 0.9333
vn 0.3389 -0.1189 0.9333
vn 0.3092 -0.1827 0.9333
vn -0.7035 0.2468 -0.6665
vn 0.6418 -0.3792 -0.6665
vn 0.7035 -0.2467 0.6665
vn -0.6418 0.3793 0.6665
vn 0.2467 0.7035 0.6665
vt 0.000000 0.000000
s 1
f 1667/3/778 1666/3/779 1600/3/780 1569/3/781
f 1671/3/782 1670/3/783 1587/3/784 1588/3/785
f 1675/3/786 1674/3/787 1574/3/788 1575/3/789
f 1677/3/790 1671/3/782 1588/3/785 1589/3/791
f 1679/3/792 1675/3/786 1575/3/789 1576/3/793
f 1681/3/794 1677/3/790 1589/3/791 1590/3/795
f 1683/3/796 1679/3/792 1576/3/793 1577/3/797
f 1685/3/798 1681/3/794 1590/3/795 1591/3/799
f 1687/3/800 1683/3/796 1577/3/797 1578/3/801
f 1689/3/802 1685/3/798 1591/3/799 1592/3/803
f 1691/3/804 1687/3/800 1578/3/801 1579/3/805
f 1693/3/806 1689/3/802 1592/3/803 1593/3/807
f 1695/3/808 1691/3/804 1579/3/805 1580/3/809
f 1697/3/810 1693/3/806 1593/3/807 1594/3/811
f 1699/3/812 1695/3/808 1580/3/809 1581/3/813
f 1701/3/814 1697/3/810 1594/3/811 1595/3/815
f 1703/3/816 1699/3/812 1581/3/813 1582/3/817
f 1705/3/818 1701/3/814 1595/3/815 1596/3/819
f 1707/3/820 1703/3/816 1582/3/817 1583/3/821
f 1709/3/822 1667/3/778 1569/3/781 1570/3/823
f 1711/3/824 1705/3/818 1596/3/819 1597/3/825
f 1713/3/826 1707/3/820 1583/3/821 1584/3/827
f 1715/3/828 1709/3/822 1570/3/823 1571/3/829
f 1717/3/830 1711/3/824 1597/3/825 1598/3/831
f 1719/3/832 1713/3/826 1584/3/827 1585/3/833
f 1721/3/834 1715/3/828 1571/3/829 1572/3/835
f 1723/3/836 1717/3/830 1598/3/831 1599/3/837
f 1725/3/838 1719/3/832 1585/3/833 1586/3/839
f 1727/3/840 1721/3/834 1572/3/835 1573/3/841
f 1666/3/779 1723/3/836 1599/3/837 1600/3/780
f 1670/3/783 1725/3/838 1586/3/839 1587/3/784
f 1674/3/787 1727/3/840 1573/3/841 1574/3/788
f 1731/3/842 1633/3/843 1664/3/844 1730/3/845
f 1735/3/846 1652/3/847 1651/3/848 1734/3/849
f 1739/3/850 1639/3/851 1638/3/852 1738/3/853
f 1741/3/854 1653/3/855 1652/3/847 1735/3/846
f 1743/3/856 1640/3/857 1639/3/851 1739/3/850
f 1745/3/858 1654/3/859 1653/3/855 1741/3/854
f 1747/3/860 1641/3/861 1640/3/857 1743/3/856
f 1749/3/862 1655/3/863 1654/3/859 1745/3/858
f 1751/3/864 1642/3/865 1641/3/861 1747/3/860
f 1753/3/866 1656/3/867 1655/3/863 1749/3/862
f 1755/3/868 1643/3/869 1642/3/865 1751/3/864
f 1757/3/870 1657/3/871 1656/3/867 1753/3/866
f 1759/3/872 1644/3/873 1643/3/869 1755/3/868
f 1761/3/874 1658/3/875 1657/3/871 1757/3/870
f 1763/3/876 1645/3/877 1644/3/873 1759/3/872
f 1765/3/878 1659/3/879 1658/3/875 1761/3/874
f 1767/3/880 1646/3/881 1645/3/877 1763/3/876
f 1769/3/882 1660/3/883 1659/3/879 1765/3/878
f 1771/3/884 1647/3/885 1646/3/881 1767/3/880
f 1773/3/886 1634/3/887 1633/3/843 1731/3/842
f 1775/3/888 1661/3/889 1660/3/883 1769/3/882
f 1777/3/890 1648/3/891 1647/3/885 1771/3/884
f 1779/3/892 1635/3/893 1634/3/887 1773/3/886
f 1781/3/894 1662/3/895 1661/3/889 1775/3/888
f 1783/3/896 1649/3/897 1648/3/891 1777/3/890
f 1785/3/898 1636/3/899 1635/3/893 1779/3/892
f 1787/3/900 1663/3/901 1662/3/895 1781/3/894
f 1789/3/902 1650/3/903 1649/3/897 1783/3/896
f 1791/3/904 1637/3/905 1636/3/899 1785/3/898
f 1730/3/845 1664/3/844 1663/3/901 1787/3/900
f 1734/3/849 1651/3/848 1650/3/903 1789/3/902
f 1738/3/853 1638/3/852 1637/3/905 1791/3/904
f 1859/3/906 1625/3/907 1624/3/908 1858/3/909
f 1795/3/910 1651/3/848 1652/3/847 1794/3/911
f 1861/3/912 1626/3/913 1625/3/907 1859/3/906
f 1794/3/911 1652/3/847 1653/3/855 1798/3/914
f 1863/3/915 1627/3/916 1626/3/913 1861/3/912
f 1798/3/914 1653/3/855 1654/3/859 1800/3/917
f 1865/3/918 1628/3/919 1627/3/916 1863/3/915
f 1869/3/920 1602/3/921 1601/3/922 1868/3/923
f 1800/3/917 1654/3/859 1655/3/863 1802/3/924
f 1871/3/925 1629/3/926 1628/3/919 1865/3/918
f 1873/3/927 1603/3/928 1602/3/921 1869/3/920
f 1802/3/924 1655/3/863 1656/3/867 1804/3/929
f 1875/3/930 1630/3/931 1629/3/926 1871/3/925
f 1877/3/932 1604/3/933 1603/3/928 1873/3/927
f 1804/3/929 1656/3/867 1657/3/871 1806/3/934
f 1879/3/935 1631/3/936 1630/3/931 1875/3/930
f 1881/3/937 1605/3/938 1604/3/933 1877/3/932
f 1806/3/934 1657/3/871 1658/3/875 1808/3/939
f 1883/3/940 1632/3/941 1631/3/936 1879/3/935
f 1885/3/942 1606/3/943 1605/3/938 1881/3/937
f 1808/3/939 1658/3/875 1659/3/879 1810/3/944
f 1868/3/923 1601/3/922 1632/3/941 1883/3/940
f 1887/3/945 1607/3/946 1606/3/943 1885/3/942
f 1810/3/944 1659/3/879 1660/3/883 1812/3/947
f 1815/3/948 1633/3/843 1634/3/887 1814/3/949
f 1889/3/950 1608/3/951 1607/3/946 1887/3/945
f 1812/3/947 1660/3/883 1661/3/889 1818/3/952
f 1814/3/949 1634/3/887 1635/3/893 1820/3/953
f 1891/3/954 1609/3/955 1608/3/951 1889/3/950
f 1818/3/952 1661/3/889 1662/3/895 1822/3/956
f 1820/3/953 1635/3/893 1636/3/899 1824/3/957
f 1893/3/958 1610/3/959 1609/3/955 1891/3/954
f 1822/3/956 1662/3/895 1663/3/901 1826/3/960
f 1824/3/957 1636/3/899 1637/3/905 1828/3/961
f 1895/3/962 1611/3/963 1610/3/959 1893/3/958
f 1826/3/960 1663/3/901 1664/3/844 1830/3/964
f 1828/3/961 1637/3/905 1638/3/852 1832/3/965
f 1897/3/966 1612/3/967 1611/3/963 1895/3/962
f 1830/3/964 1664/3/844 1633/3/843 1815/3/948
f 1832/3/965 1638/3/852 1639/3/851 1834/3/968
f 1899/3/969 1613/3/970 1612/3/967 1897/3/966
f 1834/3/968 1639/3/851 1640/3/857 1836/3/971
f 1901/3/972 1614/3/973 1613/3/970 1899/3/969
f 1836/3/971 1640/3/857 1641/3/861 1838/3/974
f 1903/3/975 1615/3/976 1614/3/973 1901/3/972
f 1838/3/974 1641/3/861 1642/3/865 1840/3/977
f 1905/3/978 1616/3/979 1615/3/976 1903/3/975
f 1840/3/977 1642/3/865 1643/3/869 1842/3/980
f 1907/3/981 1617/3/982 1616/3/979 1905/3/978
f 1842/3/980 1643/3/869 1644/3/873 1844/3/983
f 1909/3/984 1618/3/985 1617/3/982 1907/3/981
f 1844/3/983 1644/3/873 1645/3/877 1846/3/986
f 1911/3/987 1619/3/988 1618/3/985 1909/3/984
f 1846/3/986 1645/3/877 1646/3/881 1848/3/989
f 1913/3/990 1620/3/991 1619/3/988 1911/3/987
f 1848/3/989 1646/3/881 1647/3/885 1850/3/992
f 1915/3/993 1621/3/994 1620/3/991 1913/3/990
f 1850/3/992 1647/3/885 1648/3/891 1852/3/995
f 1917/3/996 1622/3/997 1621/3/994 1915/3/993
f 1852/3/995 1648/3/891 1649/3/897 1854/3/998
f 1919/3/999 1623/3/1000 1622/3/997 1917/3/996
f 1854/3/998 1649/3/897 1650/3/903 1856/3/1001
f 1858/3/909 1624/3/908 1623/3/1000 1919/3/999
f 1856/3/1001 1650/3/903 1651/3/848 1795/3/910
f 1542/3/1002 1541/3/1003 1728/3/1004 1673/3/1005
f 1673/3/1005 1728/3/1004 1727/3/840 1674/3/787
f 1555/3/1006 1554/3/1007 1726/3/1008 1669/3/1009
f 1669/3/1009 1726/3/1008 1725/3/838 1670/3/783
f 1568/3/1010 1567/3/1011 1724/3/1012 1665/3/1013
f 1665/3/1013 1724/3/1012 1723/3/836 1666/3/779
f 1541/3/1003 1540/3/1014 1722/3/1015 1728/3/1004
f 1728/3/1004 1722/3/1015 1721/3/834 1727/3/840
f 1554/3/1007 1553/3/1016 1720/3/1017 1726/3/1008
f 1726/3/1008 1720/3/1017 1719/3/832 1725/3/838
f 1567/3/1011 1566/3/1018 1718/3/1019 1724/3/1012
f 1724/3/1012 1718/3/1019 1717/3/830 1723/3/836
f 1540/3/1014 1539/3/1020 1716/3/1021 1722/3/1015
f 1722/3/1015 1716/3/1021 1715/3/828 1721/3/834
f 1553/3/1016 1552/3/1022 1714/3/1023 1720/3/1017
f 1720/3/1017 1714/3/1023 1713/3/826 1719/3/832
f 1566/3/1018 1565/3/1024 1712/3/1025 1718/3/1019
f 1718/3/1019 1712/3/1025 1711/3/824 1717/3/830
f 1539/3/1020 1538/3/1026 1710/3/1027 1716/3/1021
f 1716/3/1021 1710/3/1027 1709/3/822 1715/3/828
f 1552/3/1022 1551/3/1028 1708/3/1029 1714/3/1023
f 1714/3/1023 1708/3/1029 1707/3/820 1713/3/826
f 1565/3/1024 1564/3/1030 1706/3/1031 1712/3/1025
f 1712/3/1025 1706/3/1031 1705/3/818 1711/3/824
f 1538/3/1026 1537/3/1032 1668/3/1033 1710/3/1027
f 1710/3/1027 1668/3/1033 1667/3/778 1709/3/822
f 1551/3/1028 1550/3/1034 1704/3/1035 1708/3/1029
f 1708/3/1029 1704/3/1035 1703/3/816 1707/3/820
f 1564/3/1030 1563/3/1036 1702/3/1037 1706/3/1031
f 1706/3/1031 1702/3/1037 1701/3/814 1705/3/818
f 1550/3/1034 1549/3/1038 1700/3/1039 1704/3/1035
f 1704/3/1035 1700/3/1039 1699/3/812 1703/3/816
f 1563/3/1036 1562/3/1040 1698/3/1041 1702/3/1037
f 1702/3/1037 1698/3/1041 1697/3/810 1701/3/814
f 1549/3/1038 1548/3/1042 1696/3/1043 1700/3/1039
f 1700/3/1039 1696/3/1043 1695/3/808 1699/3/812
f 1562/3/1040 1561/3/1044 1694/3/1045 1698/3/1041
f 1698/3/1041 1694/3/1045 1693/3/806 1697/3/810
f 1548/3/1042 1547/3/1046 1692/3/1047 1696/3/1043
f 1696/3/1043 1692/3/1047 1691/3/804 1695/3/808
f 1561/3/1044 1560/3/1048 1690/3/1049 1694/3/1045
f 1694/3/1045 1690/3/1049 1689/3/802 1693/3/806
f 1547/3/1046 1546/3/1050 1688/3/1051 1692/3/1047
f 1692/3/1047 1688/3/1051 1687/3/800 1691/3/804
f 1560/3/1048 1559/3/1052 1686/3/1053 1690/3/1049
f 1690/3/1049 1686/3/1053 1685/3/798 1689/3/802
f 1546/3/1050 1545/3/1054 1684/3/1055 1688/3/1051
f 1688/3/1051 1684/3/1055 1683/3/796 1687/3/800
f 1559/3/1052 1558/3/1056 1682/3/1057 1686/3/1053
f 1686/3/1053 1682/3/1057 1681/3/794 1685/3/798
f 1545/3/1054 1544/3/1058 1680/3/1059 1684/3/1055
f 1684/3/1055 1680/3/1059 1679/3/792 1683/3/796
f 1558/3/1056 1557/3/1060 1678/3/1061 1682/3/1057
f 1682/3/1057 1678/3/1061 1677/3/790 1681/3/794
f 1544/3/1058 1543/3/1062 1676/3/1063 1680/3/1059
f 1680/3/1059 1676/3/1063 1675/3/786 1679/3/792
f 1557/3/1060 1556/3/1064 1672/3/1065 1678/3/1061
f 1678/3/1061 1672/3/1065 1671/3/782 1677/3/790
f 1543/3/1062 1542/3/1002 1673/3/1005 1676/3/1063
f 1676/3/1063 1673/3/1005 1674/3/787 1675/3/786
f 1556/3/1064 1555/3/1006 1669/3/1009 1672/3/1065
f 1672/3/1065 1669/3/1009 1670/3/783 1671/3/782
f 1537/3/1032 1568/3/1010 1665/3/1013 1668/3/1033
f 1668/3/1033 1665/3/1013 1666/3/779 1667/3/778
f 1606/3/943 1737/3/1066 1792/3/1067 1605/3/938
f 1737/3/1066 1738/3/853 1791/3/904 1792/3/1067
f 1619/3/988 1733/3/1068 1790/3/1069 1618/3/985
f 1733/3/1068 1734/3/849 1789/3/902 1790/3/1069
f 1632/3/941 1729/3/1070 1788/3/1071 1631/3/936
f 1729/3/1070 1730/3/845 1787/3/900 1788/3/1071
f 1605/3/938 1792/3/1067 1786/3/1072 1604/3/933
f 1792/3/1067 1791/3/904 1785/3/898 1786/3/1072
f 1618/3/985 1790/3/1069 1784/3/1073 1617/3/982
f 1790/3/1069 1789/3/902 1783/3/896 1784/3/1073
f 1631/3/936 1788/3/1071 1782/3/1074 1630/3/931
f 1788/3/1071 1787/3/900 1781/3/894 1782/3/1074
f 1604/3/933 1786/3/1072 1780/3/1075 1603/3/928
f 1786/3/1072 1785/3/898 1779/3/892 1780/3/1075
f 1617/3/982 1784/3/1073 1778/3/1076 1616/3/979
f 1784/3/1073 1783/3/896 1777/3/890 1778/3/1076
f 1630/3/931 1782/3/1074 1776/3/1077 1629/3/926
f 1782/3/1074 1781/3/894 1775/3/888 1776/3/1077
f 1603/3/928 1780/3/1075 1774/3/1078 1602/3/921
f 1780/3/1075 1779/3/892 1773/3/886 1774/3/1078
f 1616/3/979 1778/3/1076 1772/3/1079 1615/3/976
f 1778/3/1076 1777/3/890 1771/3/884 1772/3/1079
f 1629/3/926 1776/3/1077 1770/3/1080 1628/3/919
f 1776/3/1077 1775/3/888 1769/3/882 1770/3/1080
f 1602/3/921 1774/3/1078 1732/3/1081 1601/3/922
f 1774/3/1078 1773/3/886 1731/3/842 1732/3/1081
f 1615/3/976 1772/3/1079 1768/3/1082 1614/3/973
f 1772/3/1079 1771/3/884 1767/3/880 1768/3/1082
f 1628/3/919 1770/3/1080 1766/3/1083 1627/3/916
f 1770/3/1080 1769/3/882 1765/3/878 1766/3/1083
f 1614/3/973 1768/3/1082 1764/3/1084 1613/3/970
f 1768/3/1082 1767/3/880 1763/3/876 1764/3/1084
f 1627/3/916 1766/3/1083 1762/3/1085 1626/3/913
f 1766/3/1083 1765/3/878 1761/3/874 1762/3/1085
f 1613/3/970 1764/3/1084 1760/3/1086 1612/3/967
f 1764/3/1084 1763/3/876 1759/3/872 1760/3/1086
f 1626/3/913 1762/3/1085 1758/3/1087 1625/3/907
f 1762/3/1085 1761/3/874 1757/3/870 1758/3/1087
f 1612/3/967 1760/3/1086 1756/3/1088 1611/3/963
f 1760/3/1086 1759/3/872 1755/3/868 1756/3/1088
f 1625/3/907 1758/3/1087 1754/3/1089 1624/3/908
f 1758/3/1087 1757/3/870 1753/3/866 1754/3/1089
f 1611/3/963 1756/3/1088 1752/3/1090 1610/3/959
f 1756/3/1088 1755/3/868 1751/3/864 1752/3/1090
f 1624/3/908 1754/3/1089 1750/3/1091 1623/3/1000
f 1754/3/1089 1753/3/866 1749/3/862 1750/3/1091
f 1610/3/959 1752/3/1090 1748/3/1092 1609/3/955
f 1752/3/1090 1751/3/864 1747/3/860 1748/3/1092
f 1623/3/1000 1750/3/1091 1746/3/1093 1622/3/997
f 1750/3/1091 1749/3/862 1745/3/858 1746/3/1093
f 1609/3/955 1748/3/1092 1744/3/1094 1608/3/951
f 1748/3/1092 1747/3/860 1743/3/856 1744/3/1094
f 1622/3/997 1746/3/1093 1742/3/1095 1621/3/994
f 1746/3/1093 1745/3/858 1741/3/854 1742/3/1095
f 1608/3/951 1744/3/1094 1740/3/1096 1607/3/946
f 1744/3/1094 1743/3/856 1739/3/850 1740/3/1096
f 1621/3/994 1742/3/1095 1736/3/1097 1620/3/991
f 1742/3/1095 1741/3/854 1735/3/846 1736/3/1097
f 1607/3/946 1740/3/1096 1737/3/1066 1606/3/943
f 1740/3/1096 1739/3/850 1738/3/853 1737/3/1066
f 1620/3/991 1736/3/1097 1733/3/1068 1619/3/988
f 1736/3/1097 1735/3/846 1734/3/849 1733/3/1068
f 1601/3/922 1732/3/1081 1729/3/1070 1632/3/941
f 1732/3/1081 1731/3/842 1730/3/845 1729/3/1070
f 1586/3/839 1855/3/1098 1796/3/1099 1587/3/784
f 1855/3/1098 1856/3/1001 1795/3/910 1796/3/1099
f 1585/3/833 1853/3/1100 1855/3/1098 1586/3/839
f 1853/3/1100 1854/3/998 1856/3/1001 1855/3/1098
f 1584/3/827 1851/3/1101 1853/3/1100 1585/3/833
f 1851/3/1101 1852/3/995 1854/3/998 1853/3/1100
f 1583/3/821 1849/3/1102 1851/3/1101 1584/3/827
f 1849/3/1102 1850/3/992 1852/3/995 1851/3/1101
f 1582/3/817 1847/3/1103 1849/3/1102 1583/3/821
f 1847/3/1103 1848/3/989 1850/3/992 1849/3/1102
f 1581/3/813 1845/3/1104 1847/3/1103 1582/3/817
f 1845/3/1104 1846/3/986 1848/3/989 1847/3/1103
f 1580/3/809 1843/3/1105 1845/3/1104 1581/3/813
f 1843/3/1105 1844/3/983 1846/3/986 1845/3/1104
f 1579/3/805 1841/3/1106 1843/3/1105 1580/3/809
f 1841/3/1106 1842/3/980 1844/3/983 1843/3/1105
f 1578/3/801 1839/3/1107 1841/3/1106 1579/3/805
f 1839/3/1107 1840/3/977 1842/3/980 1841/3/1106
f 1577/3/797 1837/3/1108 1839/3/1107 1578/3/801
f 1837/3/1108 1838/3/974 1840/3/977 1839/3/1107
f 1576/3/793 1835/3/1109 1837/3/1108 1577/3/797
f 1835/3/1109 1836/3/971 1838/3/974 1837/3/1108
f 1575/3/789 1833/3/1110 1835/3/1109 1576/3/793
f 1833/3/1110 1834/3/968 1836/3/971 1835/3/1109
f 1574/3/788 1831/3/1111 1833/3/1110 1575/3/789
f 1831/3/1111 1832/3/965 1834/3/968 1833/3/1110
f 1600/3/780 1829/3/1112 1816/3/1113 1569/3/781
f 1829/3/1112 1830/3/964 1815/3/948 1816/3/1113
f 1573/3/841 1827/3/1114 1831/3/1111 1574/3/788
f 1827/3/1114 1828/3/961 1832/3/965 1831/3/1111
f 1599/3/837 1825/3/1115 1829/3/1112 1600/3/780
f 1825/3/1115 1826/3/960 1830/3/964 1829/3/1112
f 1572/3/835 1823/3/1116 1827/3/1114 1573/3/841
f 1823/3/1116 1824/3/957 1828/3/961 1827/3/1114
f 1598/3/831 1821/3/1117 1825/3/1115 1599/3/837
f 1821/3/1117 1822/3/956 1826/3/960 1825/3/1115
f 1571/3/829 1819/3/1118 1823/3/1116 1572/3/835
f 1819/3/1118 1820/3/953 1824/3/957 1823/3/1116
f 1597/3/825 1817/3/1119 1821/3/1117 1598/3/831
f 1817/3/1119 1818/3/952 1822/3/956 1821/3/1117
f 1570/3/823 1813/3/1120 1819/3/1118 1571/3/829
f 1813/3/1120 1814/3/949 1820/3/953 1819/3/1118
f 1596/3/819 1811/3/1121 1817/3/1119 1597/3/825
f 1811/3/1121 1812/3/947 1818/3/952 1817/3/1119
f 1569/3/781 1816/3/1113 1813/3/1120 1570/3/823
f 1816/3/1113 1815/3/948 1814/3/949 1813/3/1120
f 1595/3/815 1809/3/1122 1811/3/1121 1596/3/819
f 1809/3/1122 1810/3/944 1812/3/947 1811/3/1121
f 1594/3/811 1807/3/1123 1809/3/1122 1595/3/815
f 1807/3/1123 1808/3/939 1810/3/944 1809/3/1122
f 1593/3/807 1805/3/1124 1807/3/1123 1594/3/811
f 1805/3/1124 1806/3/934 1808/3/939 1807/3/1123
f 1592/3/803 1803/3/1125 1805/3/1124 1593/3/807
f 1803/3/1125 1804/3/929 1806/3/934 1805/3/1124
f 1591/3/799 1801/3/1126 1803/3/1125 1592/3/803
f 1801/3/1126 1802/3/924 1804/3/929 1803/3/1125
f 1590/3/795 1799/3/1127 1801/3/1126 1591/3/799
f 1799/3/1127 1800/3/917 1802/3/924 1801/3/1126
f 1589/3/791 1797/3/1128 1799/3/1127 1590/3/795
f 1797/3/1128 1798/3/914 1800/3/917 1799/3/1127
f 1588/3/785 1793/3/1129 1797/3/1128 1589/3/791
f 1793/3/1129 1794/3/911 1798/3/914 1797/3/1128
f 1587/3/784 1796/3/1099 1793/3/1129 1588/3/785
f 1796/3/1099 1795/3/910 1794/3/911 1793/3/1129
f 1560/3/1048 1857/3/1130 1920/3/1131 1559/3/1052
f 1857/3/1130 1858/3/909 1919/3/999 1920/3/1131
f 1559/3/1052 1920/3/1131 1918/3/1132 1558/3/1056
f 1920/3/1131 1919/3/999 1917/3/996 1918/3/1132
f 1558/3/1056 1918/3/1132 1916/3/1133 1557/3/1060
f 1918/3/1132 1917/3/996 1915/3/993 1916/3/1133
f 1557/3/1060 1916/3/1133 1914/3/1134 1556/3/1064
f 1916/3/1133 1915/3/993 1913/3/990 1914/3/1134
f 1556/3/1064 1914/3/1134 1912/3/1135 1555/3/1006
f 1914/3/1134 1913/3/990 1911/3/987 1912/3/1135
f 1555/3/1006 1912/3/1135 1910/3/1136 1554/3/1007
f 1912/3/1135 1911/3/987 1909/3/984 1910/3/1136
f 1554/3/1007 1910/3/1136 1908/3/1137 1553/3/1016
f 1910/3/1136 1909/3/984 1907/3/981 1908/3/1137
f 1553/3/1016 1908/3/1137 1906/3/1138 1552/3/1022
f 1908/3/1137 1907/3/981 1905/3/978 1906/3/1138
f 1552/3/1022 1906/3/1138 1904/3/1139 1551/3/1028
f 1906/3/1138 1905/3/978 1903/3/975 1904/3/1139
f 1551/3/1028 1904/3/1139 1902/3/1140 1550/3/1034
f 1904/3/1139 1903/3/975 1901/3/972 1902/3/1140
f 1550/3/1034 1902/3/1140 1900/3/1141 1549/3/1038
f 1902/3/1140 1901/3/972 1899/3/969 1900/3/1141
f 1549/3/1038 1900/3/1141 1898/3/1142 1548/3/1042
f 1900/3/1141 1899/3/969 1897/3/966 1898/3/1142
f 1548/3/1042 1898/3/1142 1896/3/1143 1547/3/1046
f 1898/3/1142 1897/3/966 1895/3/962 1896/3/1143
f 1547/3/1046 1896/3/1143 1894/3/1144 1546/3/1050
f 1896/3/1143 1895/3/962 1893/3/958 1894/3/1144
f 1546/3/1050 1894/3/1144 1892/3/1145 1545/3/1054
f 1894/3/1144 1893/3/958 1891/3/954 1892/3/1145
f 1545/3/1054 1892/3/1145 1890/3/1146 1544/3/1058
f 1892/3/1145 1891/3/954 1889/3/950 1890/3/1146
f 1544/3/1058 1890/3/1146 1888/3/1147 1543/3/1062
f 1890/3/1146 1889/3/950 1887/3/945 1888/3/1147
f 1543/3/1062 1888/3/1147 1886/3/1148 1542/3/1002
f 1888/3/1147 1887/3/945 1885/3/942 1886/3/1148
f 1537/3/1032 1867/3/1149 1884/3/1150 1568/3/1010
f 1867/3/1149 1868/3/923 1883/3/940 1884/3/1150
f 1542/3/1002 1886/3/1148 1882/3/1151 1541/3/1003
f 1886/3/1148 1885/3/942 1881/3/937 1882/3/1151
f 1568/3/1010 1884/3/1150 1880/3/1152 1567/3/1011
f 1884/3/1150 1883/3/940 1879/3/935 1880/3/1152
f 1541/3/1003 1882/3/1151 1878/3/1153 1540/3/1014
f 1882/3/1151 1881/3/937 1877/3/932 1878/3/1153
f 1567/3/1011 1880/3/1152 1876/3/1154 1566/3/1018
f 1880/3/1152 1879/3/935 1875/3/930 1876/3/1154
f 1540/3/1014 1878/3/1153 1874/3/1155 1539/3/1020
f 1878/3/1153 1877/3/932 1873/3/927 1874/3/1155
f 1566/3/1018 1876/3/1154 1872/3/1156 1565/3/1024
f 1876/3/1154 1875/3/930 1871/3/925 1872/3/1156
f 1539/3/1020 1874/3/1155 1870/3/1157 1538/3/1026
f 1874/3/1155 1873/3/927 1869/3/920 1870/3/1157
f 1565/3/1024 1872/3/1156 1866/3/1158 1564/3/1030
f 1872/3/1156 1871/3/925 1865/3/918 1866/3/1158
f 1538/3/1026 1870/3/1157 1867/3/1149 1537/3/1032
f 1870/3/1157 1869/3/920 1868/3/923 1867/3/1149
f 1564/3/1030 1866/3/1158 1864/3/1159 1563/3/1036
f 1866/3/1158 1865/3/918 1863/3/915 1864/3/1159
f 1563/3/1036 1864/3/1159 1862/3/1160 1562/3/1040
f 1864/3/1159 1863/3/915 1861/3/912 1862/3/1160
f 1562/3/1040 1862/3/1160 1860/3/1161 1561/3/1044
f 1862/3/1160 1861/3/912 1859/3/906 1860/3/1161
f 1561/3/1044 1860/3/1161 1857/3/1130 1560/3/1048
f 1860/3/1161 1859/3/906 1858/3/909 1857/3/1130
f 2051/3/778 1953/3/781 1984/3/823 2050/3/822
f 2055/3/816 1972/3/817 1971/3/821 2054/3/820
f 2059/3/814 1959/3/815 1958/3/819 2058/3/818
f 2061/3/812 1973/3/813 1972/3/817 2055/3/816
f 2063/3/810 1960/3/811 1959/3/815 2059/3/814
f 2065/3/808 1974/3/809 1973/3/813 2061/3/812
f 2067/3/806 1961/3/807 1960/3/811 2063/3/810
f 2069/3/804 1975/3/805 1974/3/809 2065/3/808
f 2071/3/802 1962/3/803 1961/3/807 2067/3/806
f 2073/3/800 1976/3/801 1975/3/805 2069/3/804
f 2075/3/798 1963/3/799 1962/3/803 2071/3/802
f 2077/3/796 1977/3/797 1976/3/801 2073/3/800
f 2079/3/794 1964/3/795 1963/3/799 2075/3/798
f 2081/3/792 1978/3/793 1977/3/797 2077/3/796
f 2083/3/790 1965/3/791 1964/3/795 2079/3/794
f 2085/3/786 1979/3/789 1978/3/793 2081/3/792
f 2087/3/782 1966/3/785 1965/3/791 2083/3/790
f 2089/3/787 1980/3/788 1979/3/789 2085/3/786
f 2091/3/783 1967/3/784 1966/3/785 2087/3/782
f 2093/3/779 1954/3/780 1953/3/781 2051/3/778
f 2095/3/840 1981/3/841 1980/3/788 2089/3/787
f 2097/3/838 1968/3/839 1967/3/784 2091/3/783
f 2099/3/836 1955/3/837 1954/3/780 2093/3/779
f 2101/3/834 1982/3/835 1981/3/841 2095/3/840
f 2103/3/832 1969/3/833 1968/3/839 2097/3/838
f 2105/3/830 1956/3/831 1955/3/837 2099/3/836
f 2107/3/828 1983/3/829 1982/3/835 2101/3/834
f 2109/3/826 1970/3/827 1969/3/833 2103/3/832
f 2111/3/824 1957/3/825 1956/3/831 2105/3/830
f 2050/3/822 1984/3/823 1983/3/829 2107/3/828
f 2054/3/820 1971/3/821 1970/3/827 2109/3/826
f 2058/3/818 1958/3/819 1957/3/825 2111/3/824
f 2115/3/842 2114/3/886 2048/3/887 2017/3/843
f 2119/3/880 2118/3/884 2035/3/885 2036/3/881
f 2123/3/878 2122/3/882 2022/3/883 2023/3/879
f 2125/3/876 2119/3/880 2036/3/881 2037/3/877
f 2127/3/874 2123/3/878 2023/3/879 2024/3/1162
f 2129/3/872 2125/3/876 2037/3/877 2038/3/873
f 2131/3/870 2127/3/874 2024/3/1162 2025/3/871
f 2133/3/868 2129/3/872 2038/3/873 2039/3/869
f 2135/3/866 2131/3/870 2025/3/871 2026/3/867
f 2137/3/864 2133/3/868 2039/3/869 2040/3/865
f 2139/3/862 2135/3/866 2026/3/867 2027/3/863
f 2141/3/860 2137/3/864 2040/3/865 2041/3/1163
f 2143/3/858 2139/3/862 2027/3/863 2028/3/859
f 2145/3/856 2141/3/860 2041/3/1163 2042/3/857
f 2147/3/854 2143/3/858 2028/3/859 2029/3/855
f 2149/3/850 2145/3/856 2042/3/857 2043/3/851
f 2151/3/846 2147/3/854 2029/3/855 2030/3/847
f 2153/3/853 2149/3/850 2043/3/851 2044/3/852
f 2155/3/849 2151/3/846 2030/3/847 2031/3/848
f 2157/3/845 2115/3/842 2017/3/843 2018/3/844
f 2159/3/904 2153/3/853 2044/3/852 2045/3/905
f 2161/3/902 2155/3/849 2031/3/848 2032/3/903
f 2163/3/900 2157/3/845 2018/3/844 2019/3/901
f 2165/3/898 2159/3/904 2045/3/905 2046/3/899
f 2167/3/896 2161/3/902 2032/3/903 2033/3/897
f 2169/3/894 2163/3/900 2019/3/901 2020/3/895
f 2171/3/892 2165/3/898 2046/3/899 2047/3/893
f 2173/3/890 2167/3/896 2033/3/897 2034/3/891
f 2175/3/888 2169/3/894 2020/3/895 2021/3/889
f 2114/3/886 2171/3/892 2047/3/893 2048/3/887
f 2118/3/884 2173/3/890 2034/3/891 2035/3/885
f 2122/3/882 2175/3/888 2021/3/889 2022/3/883
f 2243/3/954 2242/3/958 2008/3/1164 2009/3/955
f 2179/3/992 2178/3/989 2036/3/881 2035/3/885
f 2245/3/950 2243/3/954 2009/3/955 2010/3/951
f 2178/3/989 2182/3/986 2037/3/877 2036/3/881
f 2247/3/945 2245/3/950 2010/3/951 2011/3/946
f 2182/3/986 2184/3/983 2038/3/873 2037/3/877
f 2249/3/942 2247/3/945 2011/3/946 2012/3/943
f 2253/3/940 2252/3/923 1985/3/922 1986/3/941
f 2184/3/983 2186/3/980 2039/3/869 2038/3/873
f 2255/3/937 2249/3/942 2012/3/943 2013/3/938
f 2257/3/935 2253/3/940 1986/3/941 1987/3/936
f 2186/3/980 2188/3/977 2040/3/865 2039/3/869
f 2259/3/932 2255/3/937 2013/3/938 2014/3/933
f 2261/3/930 2257/3/935 1987/3/936 1988/3/931
f 2188/3/977 2190/3/974 2041/3/1163 2040/3/865
f 2263/3/927 2259/3/932 2014/3/933 2015/3/928
f 2265/3/925 2261/3/930 1988/3/931 1989/3/926
f 2190/3/974 2192/3/971 2042/3/857 2041/3/1163
f 2267/3/920 2263/3/927 2015/3/928 2016/3/921
f 2269/3/918 2265/3/925 1989/3/926 1990/3/919
f 2192/3/971 2194/3/968 2043/3/851 2042/3/857
f 2252/3/923 2267/3/920 2016/3/921 1985/3/922
f 2271/3/915 2269/3/918 1990/3/919 1991/3/916
f 2194/3/968 2196/3/965 2044/3/852 2043/3/851
f 2199/3/948 2198/3/964 2018/3/844 2017/3/843
f 2273/3/912 2271/3/915 1991/3/916 1992/3/913
f 2196/3/965 2202/3/961 2045/3/905 2044/3/852
f 2198/3/964 2204/3/960 2019/3/901 2018/3/844
f 2275/3/906 2273/3/912 1992/3/913 1993/3/1165
f 2202/3/961 2206/3/957 2046/3/899 2045/3/905
f 2204/3/960 2208/3/956 2020/3/895 2019/3/901
f 2277/3/909 2275/3/906 1993/3/1165 1994/3/908
f 2206/3/957 2210/3/953 2047/3/893 2046/3/899
f 2208/3/956 2212/3/952 2021/3/889 2020/3/895
f 2279/3/999 2277/3/909 1994/3/908 1995/3/1000
f 2210/3/953 2214/3/949 2048/3/887 2047/3/893
f 2212/3/952 2216/3/947 2022/3/883 2021/3/889
f 2281/3/996 2279/3/999 1995/3/1000 1996/3/997
f 2214/3/949 2199/3/948 2017/3/843 2048/3/887
f 2216/3/947 2218/3/944 2023/3/879 2022/3/883
f 2283/3/993 2281/3/996 1996/3/997 1997/3/994
f 2218/3/944 2220/3/939 2024/3/1162 2023/3/879
f 2285/3/990 2283/3/993 1997/3/994 1998/3/991
f 2220/3/939 2222/3/934 2025/3/871 2024/3/1162
f 2287/3/987 2285/3/990 1998/3/991 1999/3/988
f 2222/3/934 2224/3/929 2026/3/867 2025/3/871
f 2289/3/984 2287/3/987 1999/3/988 2000/3/1166
f 2224/3/929 2226/3/924 2027/3/863 2026/3/867
f 2291/3/981 2289/3/984 2000/3/1166 2001/3/982
f 2226/3/924 2228/3/917 2028/3/859 2027/3/863
f 2293/3/978 2291/3/981 2001/3/982 2002/3/979
f 2228/3/917 2230/3/914 2029/3/855 2028/3/859
f 2295/3/975 2293/3/978 2002/3/979 2003/3/976
f 2230/3/914 2232/3/911 2030/3/847 2029/3/855
f 2297/3/972 2295/3/975 2003/3/976 2004/3/973
f 2232/3/911 2234/3/910 2031/3/848 2030/3/847
f 2299/3/969 2297/3/972 2004/3/973 2005/3/970
f 2234/3/910 2236/3/1001 2032/3/903 2031/3/848
f 2301/3/966 2299/3/969 2005/3/970 2006/3/967
f 2236/3/1001 2238/3/998 2033/3/897 2032/3/903
f 2303/3/962 2301/3/966 2006/3/967 2007/3/963
f 2238/3/998 2240/3/995 2034/3/891 2033/3/897
f 2242/3/958 2303/3/962 2007/3/963 2008/3/1164
f 2240/3/995 2179/3/992 2035/3/885 2034/3/891
f 1926/3/1030 2057/3/1031 2112/3/1025 1925/3/1024
f 2057/3/1031 2058/3/818 2111/3/824 2112/3/1025
f 1939/3/1028 2053/3/1029 2110/3/1023 1938/3/1022
f 2053/3/1029 2054/3/820 2109/3/826 2110/3/1023
f 1952/3/1026 2049/3/1027 2108/3/1021 1951/3/1020
f 2049/3/1027 2050/3/822 2107/3/828 2108/3/1021
f 1925/3/1024 2112/3/1025 2106/3/1019 1924/3/1018
f 2112/3/1025 2111/3/824 2105/3/830 2106/3/1019
f 1938/3/1022 2110/3/1023 2104/3/1017 1937/3/1016
f 2110/3/1023 2109/3/826 2103/3/832 2104/3/1017
f 1951/3/1020 2108/3/1021 2102/3/1015 1950/3/1014
f 2108/3/1021 2107/3/828 2101/3/834 2102/3/1015
f 1924/3/1018 2106/3/1019 2100/3/1012 1923/3/1011
f 2106/3/1019 2105/3/830 2099/3/836 2100/3/1012
f 1937/3/1016 2104/3/1017 2098/3/1008 1936/3/1007
f 2104/3/1017 2103/3/832 2097/3/838 2098/3/1008
f 1950/3/1014 2102/3/1015 2096/3/1004 1949/3/1003
f 2102/3/1015 2101/3/834 2095/3/840 2096/3/1004
f 1923/3/1011 2100/3/1012 2094/3/1013 1922/3/1010
f 2100/3/1012 2099/3/836 2093/3/779 2094/3/1013
f 1936/3/1007 2098/3/1008 2092/3/1009 1935/3/1006
f 2098/3/1008 2097/3/838 2091/3/783 2092/3/1009
f 1949/3/1003 2096/3/1004 2090/3/1005 1948/3/1002
f 2096/3/1004 2095/3/840 2089/3/787 2090/3/1005
f 1922/3/1010 2094/3/1013 2052/3/1033 1921/3/1032
f 2094/3/1013 2093/3/779 2051/3/778 2052/3/1033
f 1935/3/1006 2092/3/1009 2088/3/1065 1934/3/1064
f 2092/3/1009 2091/3/783 2087/3/782 2088/3/1065
f 1948/3/1002 2090/3/1005 2086/3/1063 1947/3/1062
f 2090/3/1005 2089/3/787 2085/3/786 2086/3/1063
f 1934/3/1064 2088/3/1065 2084/3/1061 1933/3/1060
f 2088/3/1065 2087/3/782 2083/3/790 2084/3/1061
f 1947/3/1062 2086/3/1063 2082/3/1059 1946/3/1058
f 2086/3/1063 2085/3/786 2081/3/792 2082/3/1059
f 1933/3/1060 2084/3/1061 2080/3/1057 1932/3/1056
f 2084/3/1061 2083/3/790 2079/3/794 2080/3/1057
f 1946/3/1058 2082/3/1059 2078/3/1055 1945/3/1054
f 2082/3/1059 2081/3/792 2077/3/796 2078/3/1055
f 1932/3/1056 2080/3/1057 2076/3/1053 1931/3/1052
f 2080/3/1057 2079/3/794 2075/3/798 2076/3/1053
f 1945/3/1054 2078/3/1055 2074/3/1051 1944/3/1050
f 2078/3/1055 2077/3/796 2073/3/800 2074/3/1051
f 1931/3/1052 2076/3/1053 2072/3/1049 1930/3/1048
f 2076/3/1053 2075/3/798 2071/3/802 2072/3/1049
f 1944/3/1050 2074/3/1051 2070/3/1047 1943/3/1046
f 2074/3/1051 2073/3/800 2069/3/804 2070/3/1047
f 1930/3/1048 2072/3/1049 2068/3/1045 1929/3/1044
f 2072/3/1049 2071/3/802 2067/3/806 2068/3/1045
f 1943/3/1046 2070/3/1047 2066/3/1043 1942/3/1042
f 2070/3/1047 2069/3/804 2065/3/808 2066/3/1043
f 1929/3/1044 2068/3/1045 2064/3/1041 1928/3/1040
f 2068/3/1045 2067/3/806 2063/3/810 2064/3/1041
f 1942/3/1042 2066/3/1043 2062/3/1039 1941/3/1038
f 2066/3/1043 2065/3/808 2061/3/812 2062/3/1039
f 1928/3/1040 2064/3/1041 2060/3/1037 1927/3/1036
f 2064/3/1041 2063/3/810 2059/3/814 2060/3/1037
f 1941/3/1038 2062/3/1039 2056/3/1035 1940/3/1034
f 2062/3/1039 2061/3/812 2055/3/816 2056/3/1035
f 1927/3/1036 2060/3/1037 2057/3/1031 1926/3/1030
f 2060/3/1037 2059/3/814 2058/3/818 2057/3/1031
f 1940/3/1034 2056/3/1035 2053/3/1029 1939/3/1028
f 2056/3/1035 2055/3/816 2054/3/820 2053/3/1029
f 1921/3/1032 2052/3/1033 2049/3/1027 1952/3/1026
f 2052/3/1033 2051/3/778 2050/3/822 2049/3/1027
f 1990/3/919 1989/3/926 2176/3/1077 2121/3/1080
f 2121/3/1080 2176/3/1077 2175/3/888 2122/3/882
f 2003/3/976 2002/3/979 2174/3/1076 2117/3/1079
f 2117/3/1079 2174/3/1076 2173/3/890 2118/3/884
f 2016/3/921 2015/3/928 2172/3/1075 2113/3/1078
f 2113/3/1078 2172/3/1075 2171/3/892 2114/3/886
f 1989/3/926 1988/3/931 2170/3/1074 2176/3/1077
f 2176/3/1077 2170/3/1074 2169/3/894 2175/3/888
f 2002/3/979 2001/3/982 2168/3/1073 2174/3/1076
f 2174/3/1076 2168/3/1073 2167/3/896 2173/3/890
f 2015/3/928 2014/3/933 2166/3/1072 2172/3/1075
f 2172/3/1075 2166/3/1072 2165/3/898 2171/3/892
f 1988/3/931 1987/3/936 2164/3/1071 2170/3/1074
f 2170/3/1074 2164/3/1071 2163/3/900 2169/3/894
f 2001/3/982 2000/3/1166 2162/3/1069 2168/3/1073
f 2168/3/1073 2162/3/1069 2161/3/902 2167/3/896
f 2014/3/933 2013/3/938 2160/3/1067 2166/3/1072
f 2166/3/1072 2160/3/1067 2159/3/904 2165/3/898
f 1987/3/936 1986/3/941 2158/3/1070 2164/3/1071
f 2164/3/1071 2158/3/1070 2157/3/845 2163/3/900
f 2000/3/1166 1999/3/988 2156/3/1068 2162/3/1069
f 2162/3/1069 2156/3/1068 2155/3/849 2161/3/902
f 2013/3/938 2012/3/943 2154/3/1066 2160/3/1067
f 2160/3/1067 2154/3/1066 2153/3/853 2159/3/904
f 1986/3/941 1985/3/922 2116/3/1081 2158/3/1070
f 2158/3/1070 2116/3/1081 2115/3/842 2157/3/845
f 1999/3/988 1998/3/991 2152/3/1097 2156/3/1068
f 2156/3/1068 2152/3/1097 2151/3/846 2155/3/849
f 2012/3/943 2011/3/946 2150/3/1096 2154/3/1066
f 2154/3/1066 2150/3/1096 2149/3/850 2153/3/853
f 1998/3/991 1997/3/994 2148/3/1095 2152/3/1097
f 2152/3/1097 2148/3/1095 2147/3/854 2151/3/846
f 2011/3/946 2010/3/951 2146/3/1094 2150/3/1096
f 2150/3/1096 2146/3/1094 2145/3/856 2149/3/850
f 1997/3/994 1996/3/997 2144/3/1093 2148/3/1095
f 2148/3/1095 2144/3/1093 2143/3/858 2147/3/854
f 2010/3/951 2009/3/955 2142/3/1092 2146/3/1094
f 2146/3/1094 2142/3/1092 2141/3/860 2145/3/856
f 1996/3/997 1995/3/1000 2140/3/1091 2144/3/1093
f 2144/3/1093 2140/3/1091 2139/3/862 2143/3/858
f 2009/3/955 2008/3/1164 2138/3/1090 2142/3/1092
f 2142/3/1092 2138/3/1090 2137/3/864 2141/3/860
f 1995/3/1000 1994/3/908 2136/3/1089 2140/3/1091
f 2140/3/1091 2136/3/1089 2135/3/866 2139/3/862
f 2008/3/1164 2007/3/963 2134/3/1088 2138/3/1090
f 2138/3/1090 2134/3/1088 2133/3/868 2137/3/864
f 1994/3/908 1993/3/1165 2132/3/1087 2136/3/1089
f 2136/3/1089 2132/3/1087 2131/3/870 2135/3/866
f 2007/3/963 2006/3/967 2130/3/1086 2134/3/1088
f 2134/3/1088 2130/3/1086 2129/3/872 2133/3/868
f 1993/3/1165 1992/3/913 2128/3/1085 2132/3/1087
f 2132/3/1087 2128/3/1085 2127/3/874 2131/3/870
f 2006/3/967 2005/3/970 2126/3/1084 2130/3/1086
f 2130/3/1086 2126/3/1084 2125/3/876 2129/3/872
f 1992/3/913 1991/3/916 2124/3/1083 2128/3/1085
f 2128/3/1085 2124/3/1083 2123/3/878 2127/3/874
f 2005/3/970 2004/3/973 2120/3/1082 2126/3/1084
f 2126/3/1084 2120/3/1082 2119/3/880 2125/3/876
f 1991/3/916 1990/3/919 2121/3/1080 2124/3/1083
f 2124/3/1083 2121/3/1080 2122/3/882 2123/3/878
f 2004/3/973 2003/3/976 2117/3/1079 2120/3/1082
f 2120/3/1082 2117/3/1079 2118/3/884 2119/3/880
f 1985/3/922 2016/3/921 2113/3/1078 2116/3/1081
f 2116/3/1081 2113/3/1078 2114/3/886 2115/3/842
f 1970/3/827 1971/3/821 2180/3/1102 2239/3/1101
f 2239/3/1101 2180/3/1102 2179/3/992 2240/3/995
f 1969/3/833 1970/3/827 2239/3/1101 2237/3/1100
f 2237/3/1100 2239/3/1101 2240/3/995 2238/3/998
f 1968/3/839 1969/3/833 2237/3/1100 2235/3/1098
f 2235/3/1098 2237/3/1100 2238/3/998 2236/3/1001
f 1967/3/784 1968/3/839 2235/3/1098 2233/3/1099
f 2233/3/1099 2235/3/1098 2236/3/1001 2234/3/910
f 1966/3/785 1967/3/784 2233/3/1099 2231/3/1129
f 2231/3/1129 2233/3/1099 2234/3/910 2232/3/911
f 1965/3/791 1966/3/785 2231/3/1129 2229/3/1128
f 2229/3/1128 2231/3/1129 2232/3/911 2230/3/914
f 1964/3/795 1965/3/791 2229/3/1128 2227/3/1127
f 2227/3/1127 2229/3/1128 2230/3/914 2228/3/917
f 1963/3/799 1964/3/795 2227/3/1127 2225/3/1126
f 2225/3/1126 2227/3/1127 2228/3/917 2226/3/924
f 1962/3/803 1963/3/799 2225/3/1126 2223/3/1125
f 2223/3/1125 2225/3/1126 2226/3/924 2224/3/929
f 1961/3/807 1962/3/803 2223/3/1125 2221/3/1124
f 2221/3/1124 2223/3/1125 2224/3/929 2222/3/934
f 1960/3/811 1961/3/807 2221/3/1124 2219/3/1123
f 2219/3/1123 2221/3/1124 2222/3/934 2220/3/939
f 1959/3/815 1960/3/811 2219/3/1123 2217/3/1122
f 2217/3/1122 2219/3/1123 2220/3/939 2218/3/944
f 1958/3/819 1959/3/815 2217/3/1122 2215/3/1121
f 2215/3/1121 2217/3/1122 2218/3/944 2216/3/947
f 1984/3/823 1953/3/781 2200/3/1113 2213/3/1120
f 2213/3/1120 2200/3/1113 2199/3/948 2214/3/949
f 1957/3/825 1958/3/819 2215/3/1121 2211/3/1119
f 2211/3/1119 2215/3/1121 2216/3/947 2212/3/952
f 1983/3/829 1984/3/823 2213/3/1120 2209/3/1118
f 2209/3/1118 2213/3/1120 2214/3/949 2210/3/953
f 1956/3/831 1957/3/825 2211/3/1119 2207/3/1117
f 2207/3/1117 2211/3/1119 2212/3/952 2208/3/956
f 1982/3/835 1983/3/829 2209/3/1118 2205/3/1116
f 2205/3/1116 2209/3/1118 2210/3/953 2206/3/957
f 1955/3/837 1956/3/831 2207/3/1117 2203/3/1115
f 2203/3/1115 2207/3/1117 2208/3/956 2204/3/960
f 1981/3/841 1982/3/835 2205/3/1116 2201/3/1114
f 2201/3/1114 2205/3/1116 2206/3/957 2202/3/961
f 1954/3/780 1955/3/837 2203/3/1115 2197/3/1112
f 2197/3/1112 2203/3/1115 2204/3/960 2198/3/964
f 1980/3/788 1981/3/841 2201/3/1114 2195/3/1111
f 2195/3/1111 2201/3/1114 2202/3/961 2196/3/965
f 1953/3/781 1954/3/780 2197/3/1112 2200/3/1113
f 2200/3/1113 2197/3/1112 2198/3/964 2199/3/948
f 1979/3/789 1980/3/788 2195/3/1111 2193/3/1110
f 2193/3/1110 2195/3/1111 2196/3/965 2194/3/968
f 1978/3/793 1979/3/789 2193/3/1110 2191/3/1109
f 2191/3/1109 2193/3/1110 2194/3/968 2192/3/971
f 1977/3/797 1978/3/793 2191/3/1109 2189/3/1108
f 2189/3/1108 2191/3/1109 2192/3/971 2190/3/974
f 1976/3/801 1977/3/797 2189/3/1108 2187/3/1107
f 2187/3/1107 2189/3/1108 2190/3/974 2188/3/977
f 1975/3/805 1976/3/801 2187/3/1107 2185/3/1106
f 2185/3/1106 2187/3/1107 2188/3/977 2186/3/980
f 1974/3/809 1975/3/805 2185/3/1106 2183/3/1105
f 2183/3/1105 2185/3/1106 2186/3/980 2184/3/983
f 1973/3/813 1974/3/809 2183/3/1105 2181/3/1104
f 2181/3/1104 2183/3/1105 2184/3/983 2182/3/986
f 1972/3/817 1973/3/813 2181/3/1104 2177/3/1103
f 2177/3/1103 2181/3/1104 2182/3/986 2178/3/989
f 1971/3/821 1972/3/817 2177/3/1103 2180/3/1102
f 2180/3/1102 2177/3/1103 2178/3/989 2179/3/992
f 1944/3/1050 1943/3/1046 2304/3/1143 2241/3/1144
f 2241/3/1144 2304/3/1143 2303/3/962 2242/3/958
f 1943/3/1046 1942/3/1042 2302/3/1142 2304/3/1143
f 2304/3/1143 2302/3/1142 2301/3/966 2303/3/962
f 1942/3/1042 1941/3/1038 2300/3/1141 2302/3/1142
f 2302/3/1142 2300/3/1141 2299/3/969 2301/3/966
f 1941/3/1038 1940/3/1034 2298/3/1140 2300/3/1141
f 2300/3/1141 2298/3/1140 2297/3/972 2299/3/969
f 1940/3/1034 1939/3/1028 2296/3/1139 2298/3/1140
f 2298/3/1140 2296/3/1139 2295/3/975 2297/3/972
f 1939/3/1028 1938/3/1022 2294/3/1138 2296/3/1139
f 2296/3/1139 2294/3/1138 2293/3/978 2295/3/975
f 1938/3/1022 1937/3/1016 2292/3/1137 2294/3/1138
f 2294/3/1138 2292/3/1137 2291/3/981 2293/3/978
f 1937/3/1016 1936/3/1007 2290/3/1136 2292/3/1137
f 2292/3/1137 2290/3/1136 2289/3/984 2291/3/981
f 1936/3/1007 1935/3/1006 2288/3/1135 2290/3/1136
f 2290/3/1136 2288/3/1135 2287/3/987 2289/3/984
f 1935/3/1006 1934/3/1064 2286/3/1134 2288/3/1135
f 2288/3/1135 2286/3/1134 2285/3/990 2287/3/987
f 1934/3/1064 1933/3/1060 2284/3/1133 2286/3/1134
f 2286/3/1134 2284/3/1133 2283/3/993 2285/3/990
f 1933/3/1060 1932/3/1056 2282/3/1132 2284/3/1133
f 2284/3/1133 2282/3/1132 2281/3/996 2283/3/993
f 1932/3/1056 1931/3/1052 2280/3/1131 2282/3/1132
f 2282/3/1132 2280/3/1131 2279/3/999 2281/3/996
f 1931/3/1052 1930/3/1048 2278/3/1130 2280/3/1131
f 2280/3/1131 2278/3/1130 2277/3/909 2279/3/999
f 1930/3/1048 1929/3/1044 2276/3/1161 2278/3/1130
f 2278/3/1130 2276/3/1161 2275/3/906 2277/3/909
f 1929/3/1044 1928/3/1040 2274/3/1160 2276/3/1161
f 2276/3/1161 2274/3/1160 2273/3/912 2275/3/906
f 1928/3/1040 1927/3/1036 2272/3/1159 2274/3/1160
f 2274/3/1160 2272/3/1159 2271/3/915 2273/3/912
f 1927/3/1036 1926/3/1030 2270/3/1158 2272/3/1159
f 2272/3/1159 2270/3/1158 2269/3/918 2271/3/915
f 1921/3/1032 1952/3/1026 2268/3/1157 2251/3/1149
f 2251/3/1149 2268/3/1157 2267/3/920 2252/3/923
f 1926/3/1030 1925/3/1024 2266/3/1156 2270/3/1158
f 2270/3/1158 2266/3/1156 2265/3/925 2269/3/918
f 1952/3/1026 1951/3/1020 2264/3/1155 2268/3/1157
f 2268/3/1157 2264/3/1155 2263/3/927 2267/3/920
f 1925/3/1024 1924/3/1018 2262/3/1154 2266/3/1156
f 2266/3/1156 2262/3/1154 2261/3/930 2265/3/925
f 1951/3/1020 1950/3/1014 2260/3/1153 2264/3/1155
f 2264/3/1155 2260/3/1153 2259/3/932 2263/3/927
f 1924/3/1018 1923/3/1011 2258/3/1152 2262/3/1154
f 2262/3/1154 2258/3/1152 2257/3/935 2261/3/930
f 1950/3/1014 1949/3/1003 2256/3/1151 2260/3/1153
f 2260/3/1153 2256/3/1151 2255/3/937 2259/3/932
f 1923/3/1011 1922/3/1010 2254/3/1150 2258/3/1152
f 2258/3/1152 2254/3/1150 2253/3/940 2257/3/935
f 1949/3/1003 1948/3/1002 2250/3/1148 2256/3/1151
f 2256/3/1151 2250/3/1148 2249/3/942 2255/3/937
f 1922/3/1010 1921/3/1032 2251/3/1149 2254/3/1150
f 2254/3/1150 2251/3/1149 2252/3/923 2253/3/940
f 1948/3/1002 1947/3/1062 2248/3/1147 2250/3/1148
f 2250/3/1148 2248/3/1147 2247/3/945 2249/3/942
f 1947/3/1062 1946/3/1058 2246/3/1146 2248/3/1147
f 2248/3/1147 2246/3/1146 2245/3/950 2247/3/945
f 1946/3/1058 1945/3/1054 2244/3/1145 2246/3/1146
f 2246/3/1146 2244/3/1145 2243/3/954 2245/3/950
f 1945/3/1054 1944/3/1050 2241/3/1144 2244/3/1145
f 2244/3/1145 2241/3/1144 2242/3/958 2243/3/954
